round,proposals,soft_votes,cert_votes,next_votes,pipelined_soft_votes,pipelined_cert_votes,late_soft_votes,late_cert_votes,late_next_votes,soft_unique_senders,cert_unique_senders,soft_total_unique_senders,cert_total_unique_senders,soft_periods,cert_periods,round_duration_ms,in_peers,out_peers,bundle_votes,soft_unique_amplification_on_time,soft_unique_amplification_total,soft_message_amplification_on_time,soft_message_amplification_total,soft_duplication_on_time,soft_duplication_total,soft_total_messages,cert_unique_amplification_on_time,cert_unique_amplification_total,cert_message_amplification_on_time,cert_message_amplification_total,cert_duplication_on_time,cert_duplication_total,cert_total_messages,next_unique_amplification_on_time,next_unique_amplification_total,next_message_amplification_on_time,next_message_amplification_total,next_duplication_on_time,next_duplication_total,next_total_messages
55874383,6,328,157,0,0,0,324,178,0,328,157,487,267,1,1,2977,0,24,149,0.1096989966555184,0.162876254180602,0.1096989966555184,0.2180602006688963,1.0,1.3388090349075976,652.0,0.10466666666666667,0.178,0.10466666666666667,0.22333333333333333,1.0,1.2546816479400749,335.0,0.0,0.0,0.0,0.0,,,0.0
55874384,3,329,128,0,0,0,337,187,0,329,128,488,246,1,1,2663,0,24,128,0.11003344481605351,0.16321070234113713,0.11003344481605351,0.22274247491638796,1.0,1.3647540983606556,666.0,0.08533333333333333,0.164,0.08533333333333333,0.21,1.0,1.2804878048780488,315.0,0.0,0.0,0.0,0.0,,,0.0
55874385,6,297,136,0,0,0,346,198,0,297,136,483,255,1,1,2937,0,32,136,0.09933110367892976,0.16153846153846155,0.09933110367892976,0.21505016722408027,1.0,1.3312629399585922,643.0,0.09066666666666667,0.17,0.09066666666666667,0.22266666666666668,1.0,1.3098039215686275,334.0,0.0,0.0,0.0,0.0,,,0.0
55874386,5,323,150,0,0,0,316,184,0,323,150,484,261,1,1,2943,0,38,136,0.10802675585284281,0.16187290969899665,0.10802675585284281,0.2137123745819398,1.0,1.3202479338842976,639.0,0.1,0.174,0.1,0.22266666666666668,1.0,1.2796934865900382,334.0,0.0,0.0,0.0,0.0,,,0.0
55874387,2,316,129,0,0,0,328,209,0,316,129,481,270,1,1,2632,0,38,108,0.10568561872909699,0.1608695652173913,0.10568561872909699,0.2153846153846154,1.0,1.338877338877339,644.0,0.086,0.18,0.086,0.22533333333333333,1.0,1.2518518518518518,338.0,0.0,0.0,0.0,0.0,,,0.0
55874388,2,340,129,0,0,0,328,209,0,340,129,494,271,1,1,2879,0,38,123,0.11371237458193979,0.16521739130434782,0.11371237458193979,0.2234113712374582,1.0,1.3522267206477734,668.0,0.086,0.18066666666666667,0.086,0.22533333333333333,1.0,1.2472324723247232,338.0,0.0,0.0,0.0,0.0,,,0.0
55874389,4,317,153,0,0,0,373,201,0,317,153,512,282,1,1,2998,0,47,151,0.1060200668896321,0.17123745819397992,0.1060200668896321,0.23076923076923078,1.0,1.34765625,690.0,0.102,0.188,0.102,0.236,1.0,1.2553191489361701,354.0,0.0,0.0,0.0,0.0,,,0.0
55874390,3,311,125,0,0,0,331,221,0,311,125,488,281,1,1,2836,0,47,125,0.1040133779264214,0.16321070234113713,0.1040133779264214,0.21471571906354514,1.0,1.3155737704918034,642.0,0.08333333333333333,0.18733333333333332,0.08333333333333333,0.23066666666666666,1.0,1.2313167259786477,346.0,0.0,0.0,0.0,0.0,,,0.0
55874391,6,354,135,0,0,0,334,198,0,354,135,510,270,1,1,2726,0,47,134,0.11839464882943143,0.1705685618729097,0.11839464882943143,0.23010033444816053,1.0,1.3490196078431373,688.0,0.09,0.18,0.09,0.222,1.0,1.2333333333333334,333.0,0.0,0.0,0.0,0.0,,,0.0
55874392,5,323,142,0,0,0,369,198,0,323,142,511,275,1,1,2853,0,47,140,0.10802675585284281,0.17090301003344482,0.10802675585284281,0.231438127090301,1.0,1.3542074363992171,692.0,0.09466666666666666,0.18333333333333332,0.09466666666666666,0.22666666666666666,1.0,1.2363636363636363,340.0,0.0,0.0,0.0,0.0,,,0.0
55874393,9,341,129,0,0,0,345,187,0,341,129,508,256,1,1,2646,0,46,128,0.11404682274247492,0.16989966555183947,0.11404682274247492,0.2294314381270903,1.0,1.3503937007874016,686.0,0.086,0.17066666666666666,0.086,0.21066666666666667,1.0,1.234375,316.0,0.0,0.0,0.0,0.0,,,0.0
55874394,9,314,133,0,0,0,357,186,0,314,133,496,259,1,1,2924,0,46,132,0.10501672240802676,0.16588628762541807,0.10501672240802676,0.22441471571906355,1.0,1.3528225806451613,671.0,0.08866666666666667,0.17266666666666666,0.08866666666666667,0.21266666666666667,1.0,1.2316602316602316,319.0,0.0,0.0,0.0,0.0,,,0.0
55874395,11,302,116,0,0,0,337,172,0,302,116,480,228,1,1,2757,0,46,116,0.10100334448160535,0.1605351170568562,0.10100334448160535,0.2137123745819398,1.0,1.33125,639.0,0.07733333333333334,0.152,0.07733333333333334,0.192,1.0,1.263157894736842,288.0,0.0,0.0,0.0,0.0,,,0.0
55874396,6,339,130,0,0,0,335,178,0,339,130,513,241,1,1,2830,0,46,103,0.11337792642140468,0.17157190635451505,0.11337792642140468,0.2254180602006689,1.0,1.3138401559454191,674.0,0.08666666666666667,0.16066666666666668,0.08666666666666667,0.20533333333333334,1.0,1.2780082987551866,308.0,0.0,0.0,0.0,0.0,,,0.0
55874397,8,310,121,0,0,0,366,183,0,310,121,509,248,1,1,2815,0,46,113,0.10367892976588629,0.17023411371237457,0.10367892976588629,0.22608695652173913,1.0,1.3280943025540275,676.0,0.08066666666666666,0.16533333333333333,0.08066666666666666,0.20266666666666666,1.0,1.2258064516129032,304.0,0.0,0.0,0.0,0.0,,,0.0
55874398,9,312,132,0,0,0,332,179,0,312,132,483,250,1,1,2761,0,46,117,0.10434782608695652,0.16153846153846155,0.10434782608695652,0.2153846153846154,1.0,1.3333333333333333,644.0,0.088,0.16666666666666666,0.088,0.20733333333333334,1.0,1.244,311.0,0.0,0.0,0.0,0.0,,,0.0
55874399,7,311,135,0,0,0,330,198,0,311,135,482,266,1,1,2715,0,46,135,0.1040133779264214,0.16120401337792642,0.1040133779264214,0.21438127090301004,1.0,1.329875518672199,641.0,0.09,0.17733333333333334,0.09,0.222,1.0,1.2518796992481203,333.0,0.0,0.0,0.0,0.0,,,0.0
55874400,4,337,148,0,0,0,328,189,0,337,148,502,262,1,1,3044,0,46,100,0.11270903010033445,0.16789297658862876,0.11270903010033445,0.22240802675585283,1.0,1.3247011952191234,665.0,0.09866666666666667,0.17466666666666666,0.09866666666666667,0.22466666666666665,1.0,1.286259541984733,337.0,0.0,0.0,0.0,0.0,,,0.0
55874401,10,325,128,0,0,0,356,191,0,325,128,516,251,1,1,2643,0,46,128,0.10869565217391304,0.1725752508361204,0.10869565217391304,0.22775919732441471,1.0,1.319767441860465,681.0,0.08533333333333333,0.16733333333333333,0.08533333333333333,0.21266666666666667,1.0,1.2709163346613546,319.0,0.0,0.0,0.0,0.0,,,0.0
55874402,6,306,123,0,0,0,340,187,0,306,123,485,243,1,1,2708,0,46,104,0.10234113712374582,0.16220735785953178,0.10234113712374582,0.21605351170568562,1.0,1.3319587628865979,646.0,0.082,0.162,0.082,0.20666666666666667,1.0,1.2757201646090535,310.0,0.0,0.0,0.0,0.0,,,0.0
55874403,8,298,138,0,0,0,317,178,0,298,138,466,250,1,1,2861,0,46,138,0.09966555183946488,0.15585284280936454,0.09966555183946488,0.205685618729097,1.0,1.3197424892703862,615.0,0.092,0.16666666666666666,0.092,0.21066666666666667,1.0,1.264,316.0,0.0,0.0,0.0,0.0,,,0.0
55874404,7,299,130,0,0,0,328,207,0,299,130,480,273,1,1,2682,0,46,119,0.1,0.1605351170568562,0.1,0.2096989966555184,1.0,1.30625,627.0,0.08666666666666667,0.182,0.08666666666666667,0.22466666666666665,1.0,1.2344322344322345,337.0,0.0,0.0,0.0,0.0,,,0.0
55874405,4,286,124,0,0,0,328,194,0,286,124,460,252,1,1,2794,0,46,92,0.09565217391304348,0.15384615384615385,0.09565217391304348,0.20535117056856186,1.0,1.3347826086956522,614.0,0.08266666666666667,0.168,0.08266666666666667,0.212,1.0,1.2619047619047619,318.0,0.0,0.0,0.0,0.0,,,0.0
55874406,7,318,144,0,0,0,311,184,0,318,144,475,258,1,1,2804,0,46,136,0.10635451505016723,0.1588628762541806,0.10635451505016723,0.21036789297658862,1.0,1.3242105263157895,629.0,0.096,0.172,0.096,0.21866666666666668,1.0,1.2713178294573644,328.0,0.0,0.0,0.0,0.0,,,0.0
55874407,6,287,111,0,0,0,340,186,0,287,111,474,240,1,1,2758,0,46,111,0.0959866220735786,0.15852842809364548,0.0959866220735786,0.2096989966555184,1.0,1.3227848101265822,627.0,0.074,0.16,0.074,0.198,1.0,1.2375,297.0,0.0,0.0,0.0,0.0,,,0.0
55874408,7,306,130,0,0,0,309,193,0,306,130,464,258,1,1,2985,0,46,119,0.10234113712374582,0.1551839464882943,0.10234113712374582,0.205685618729097,1.0,1.3254310344827587,615.0,0.08666666666666667,0.172,0.08666666666666667,0.21533333333333332,1.0,1.251937984496124,323.0,0.0,0.0,0.0,0.0,,,0.0
55874409,6,319,127,0,0,0,324,191,0,319,127,491,260,1,1,2702,0,46,109,0.10668896321070234,0.1642140468227425,0.10668896321070234,0.21505016722408027,1.0,1.309572301425662,643.0,0.08466666666666667,0.17333333333333334,0.08466666666666667,0.212,1.0,1.2230769230769232,318.0,0.0,0.0,0.0,0.0,,,0.0
55874410,7,305,117,0,0,0,339,171,0,305,117,489,224,1,1,2806,0,46,115,0.1020066889632107,0.16354515050167223,0.1020066889632107,0.2153846153846154,1.0,1.3169734151329244,644.0,0.078,0.14933333333333335,0.078,0.192,1.0,1.2857142857142858,288.0,0.0,0.0,0.0,0.0,,,0.0
55874411,9,314,118,0,0,0,328,197,0,314,118,499,249,1,1,2752,0,46,111,0.10501672240802676,0.1668896321070234,0.10501672240802676,0.21471571906354514,1.0,1.2865731462925851,642.0,0.07866666666666666,0.166,0.07866666666666666,0.21,1.0,1.2650602409638554,315.0,0.0,0.0,0.0,0.0,,,0.0
55874412,6,329,145,0,0,0,333,184,0,329,145,496,264,1,1,2809,0,46,143,0.11003344481605351,0.16588628762541807,0.11003344481605351,0.2214046822742475,1.0,1.3346774193548387,662.0,0.09666666666666666,0.176,0.09666666666666666,0.21933333333333332,1.0,1.246212121212121,329.0,0.0,0.0,0.0,0.0,,,0.0
55874413,4,315,127,0,0,0,349,210,0,315,127,499,273,1,1,2707,0,46,90,0.10535117056856187,0.1668896321070234,0.10535117056856187,0.22207357859531773,1.0,1.3306613226452906,664.0,0.08466666666666667,0.182,0.08466666666666667,0.22466666666666665,1.0,1.2344322344322345,337.0,0.0,0.0,0.0,0.0,,,0.0
55874414,6,321,136,0,0,0,333,198,0,321,136,500,263,1,1,3101,0,57,136,0.10735785953177257,0.16722408026755853,0.10735785953177257,0.21872909698996656,1.0,1.308,654.0,0.09066666666666667,0.17533333333333334,0.09066666666666667,0.22266666666666668,1.0,1.2699619771863118,334.0,0.0,0.0,0.0,0.0,,,0.0
55874415,8,323,141,0,0,0,333,193,0,323,141,482,265,1,1,2799,0,57,129,0.10802675585284281,0.16120401337792642,0.10802675585284281,0.2193979933110368,1.0,1.3609958506224067,656.0,0.094,0.17666666666666667,0.094,0.22266666666666668,1.0,1.260377358490566,334.0,0.0,0.0,0.0,0.0,,,0.0
55874416,8,312,140,0,0,0,337,193,0,312,140,484,267,1,1,2806,0,57,136,0.10434782608695652,0.16187290969899665,0.10434782608695652,0.21705685618729098,1.0,1.3409090909090908,649.0,0.09333333333333334,0.178,0.09333333333333334,0.222,1.0,1.247191011235955,333.0,0.0,0.0,0.0,0.0,,,0.0
55874417,7,311,116,0,0,0,327,198,0,311,116,481,258,1,1,2673,0,58,115,0.1040133779264214,0.1608695652173913,0.1040133779264214,0.21337792642140468,1.0,1.3264033264033264,638.0,0.07733333333333334,0.172,0.07733333333333334,0.20933333333333334,1.0,1.2170542635658914,314.0,0.0,0.0,0.0,0.0,,,0.0
55874418,7,309,133,0,0,0,334,185,0,309,133,484,255,1,1,2816,0,58,133,0.10334448160535117,0.16187290969899665,0.10334448160535117,0.21505016722408027,1.0,1.328512396694215,643.0,0.08866666666666667,0.17,0.08866666666666667,0.212,1.0,1.2470588235294118,318.0,0.0,0.0,0.0,0.0,,,0.0
55874419,2,336,148,0,0,0,321,199,0,336,148,495,278,1,1,2901,0,58,126,0.11237458193979934,0.16555183946488294,0.11237458193979934,0.2197324414715719,1.0,1.3272727272727274,657.0,0.09866666666666667,0.18533333333333332,0.09866666666666667,0.23133333333333334,1.0,1.2482014388489209,347.0,0.0,0.0,0.0,0.0,,,0.0
55874420,5,321,149,0,0,0,350,198,0,321,149,508,273,1,1,2822,0,58,144,0.10735785953177257,0.16989966555183947,0.10735785953177257,0.22441471571906355,1.0,1.3208661417322836,671.0,0.09933333333333333,0.182,0.09933333333333333,0.23133333333333334,1.0,1.271062271062271,347.0,0.0,0.0,0.0,0.0,,,0.0
55874421,6,320,154,0,0,0,336,207,0,320,154,496,280,1,1,2882,0,57,149,0.10702341137123746,0.16588628762541807,0.10702341137123746,0.2193979933110368,1.0,1.3225806451612903,656.0,0.10266666666666667,0.18666666666666668,0.10266666666666667,0.24066666666666667,1.0,1.2892857142857144,361.0,0.0,0.0,0.0,0.0,,,0.0
55874422,5,291,132,0,0,0,337,201,0,291,132,484,265,1,1,2715,0,57,117,0.09732441471571907,0.16187290969899665,0.09732441471571907,0.21003344481605352,1.0,1.2975206611570247,628.0,0.088,0.17666666666666667,0.088,0.222,1.0,1.2566037735849056,333.0,0.0,0.0,0.0,0.0,,,0.0
55874423,9,340,132,0,0,0,311,198,0,340,132,486,260,1,1,2726,0,57,123,0.11371237458193979,0.1625418060200669,0.11371237458193979,0.2177257525083612,1.0,1.3395061728395061,651.0,0.088,0.17333333333333334,0.088,0.22,1.0,1.2692307692307692,330.0,0.0,0.0,0.0,0.0,,,0.0
55874424,8,301,126,0,0,0,356,203,0,301,126,502,265,1,1,2802,0,57,106,0.10066889632107023,0.16789297658862876,0.10066889632107023,0.2197324414715719,1.0,1.3087649402390438,657.0,0.084,0.17666666666666667,0.084,0.21933333333333332,1.0,1.241509433962264,329.0,0.0,0.0,0.0,0.0,,,0.0
55874425,6,302,154,0,0,0,337,190,0,302,154,504,270,1,1,2932,0,57,154,0.10100334448160535,0.16856187290969898,0.10100334448160535,0.2137123745819398,1.0,1.2678571428571428,639.0,0.10266666666666667,0.18,0.10266666666666667,0.22933333333333333,1.0,1.2740740740740741,344.0,0.0,0.0,0.0,0.0,,,0.0
55874426,5,316,114,0,0,0,326,217,0,316,114,487,271,1,1,2554,0,57,92,0.10568561872909699,0.162876254180602,0.10568561872909699,0.21471571906354514,1.0,1.3182751540041069,642.0,0.076,0.18066666666666667,0.076,0.22066666666666668,1.0,1.2214022140221403,331.0,0.0,0.0,0.0,0.0,,,0.0
55874427,5,296,127,0,0,0,346,181,0,296,127,485,248,1,1,2920,0,57,106,0.09899665551839465,0.16220735785953178,0.09899665551839465,0.21471571906354514,1.0,1.3237113402061855,642.0,0.08466666666666667,0.16533333333333333,0.08466666666666667,0.20533333333333334,1.0,1.2419354838709677,308.0,0.0,0.0,0.0,0.0,,,0.0
55874428,6,311,129,0,0,0,323,194,0,311,129,471,250,1,1,3082,0,57,125,0.1040133779264214,0.15752508361204012,0.1040133779264214,0.2120401337792642,1.0,1.346072186836518,634.0,0.086,0.16666666666666666,0.086,0.21533333333333332,1.0,1.292,323.0,0.0,0.0,0.0,0.0,,,0.0
55874429,7,301,123,0,0,0,333,180,0,301,123,486,243,1,1,2713,0,57,123,0.10066889632107023,0.1625418060200669,0.10066889632107023,0.2120401337792642,1.0,1.3045267489711934,634.0,0.082,0.162,0.082,0.202,1.0,1.2469135802469136,303.0,0.0,0.0,0.0,0.0,,,0.0
55874430,8,310,134,0,0,0,311,185,0,310,134,468,259,1,1,2748,0,57,101,0.10367892976588629,0.1565217391304348,0.10367892976588629,0.2076923076923077,1.0,1.3269230769230769,621.0,0.08933333333333333,0.17266666666666666,0.08933333333333333,0.21266666666666667,1.0,1.2316602316602316,319.0,0.0,0.0,0.0,0.0,,,0.0
55874431,5,293,143,0,0,0,327,202,0,293,143,470,278,1,1,2542,0,57,94,0.0979933110367893,0.15719063545150502,0.0979933110367893,0.20735785953177258,1.0,1.3191489361702127,620.0,0.09533333333333334,0.18533333333333332,0.09533333333333334,0.23,1.0,1.2410071942446044,345.0,0.0,0.0,0.0,0.0,,,0.0
55874432,7,300,126,0,0,0,312,195,0,300,126,467,250,1,1,2732,0,57,95,0.10033444816053512,0.15618729096989967,0.10033444816053512,0.20468227424749164,1.0,1.310492505353319,612.0,0.084,0.16666666666666666,0.084,0.214,1.0,1.284,321.0,0.0,0.0,0.0,0.0,,,0.0
55874433,4,295,124,0,0,0,328,192,0,295,124,487,252,1,1,2744,0,57,105,0.09866220735785954,0.162876254180602,0.09866220735785954,0.20836120401337793,1.0,1.2792607802874743,623.0,0.08266666666666667,0.168,0.08266666666666667,0.21066666666666667,1.0,1.253968253968254,316.0,0.0,0.0,0.0,0.0,,,0.0
55874434,5,306,117,0,0,0,309,198,0,306,117,478,254,1,1,2804,0,57,101,0.10234113712374582,0.15986622073578596,0.10234113712374582,0.205685618729097,1.0,1.286610878661088,615.0,0.078,0.16933333333333334,0.078,0.21,1.0,1.2401574803149606,315.0,0.0,0.0,0.0,0.0,,,0.0
55874435,8,279,115,0,0,0,343,192,0,279,115,485,244,1,1,2953,0,57,85,0.09331103678929765,0.16220735785953178,0.09331103678929765,0.2080267558528428,1.0,1.2824742268041238,622.0,0.07666666666666666,0.16266666666666665,0.07666666666666666,0.20466666666666666,1.0,1.2581967213114753,307.0,0.0,0.0,0.0,0.0,,,0.0
55874436,8,307,131,0,0,0,319,184,0,307,131,485,245,1,1,2677,0,57,130,0.10267558528428093,0.16220735785953178,0.10267558528428093,0.2093645484949833,1.0,1.2907216494845362,626.0,0.08733333333333333,0.16333333333333333,0.08733333333333333,0.21,1.0,1.2857142857142858,315.0,0.0,0.0,0.0,0.0,,,0.0
55874437,11,306,140,0,0,0,332,187,0,306,140,485,257,1,1,2706,0,56,135,0.10234113712374582,0.16220735785953178,0.10234113712374582,0.21337792642140468,1.0,1.3154639175257732,638.0,0.09333333333333334,0.17133333333333334,0.09333333333333334,0.218,1.0,1.272373540856031,327.0,0.0,0.0,0.0,0.0,,,0.0
55874438,5,315,112,0,0,0,327,211,0,315,112,473,258,1,1,2831,0,56,89,0.10535117056856187,0.15819397993311038,0.10535117056856187,0.21471571906354514,1.0,1.357293868921776,642.0,0.07466666666666667,0.172,0.07466666666666667,0.21533333333333332,1.0,1.251937984496124,323.0,0.0,0.0,0.0,0.0,,,0.0
55874439,9,299,133,0,0,0,334,189,0,299,133,482,254,1,1,2871,0,56,110,0.1,0.16120401337792642,0.1,0.2117056856187291,1.0,1.3132780082987552,633.0,0.08866666666666667,0.16933333333333334,0.08866666666666667,0.21466666666666667,1.0,1.2677165354330708,322.0,0.0,0.0,0.0,0.0,,,0.0
55874440,5,317,129,0,0,0,326,192,0,317,129,485,263,1,1,2808,0,56,114,0.1060200668896321,0.16220735785953178,0.1060200668896321,0.21505016722408027,1.0,1.3257731958762886,643.0,0.086,0.17533333333333334,0.086,0.214,1.0,1.220532319391635,321.0,0.0,0.0,0.0,0.0,,,0.0
55874441,7,313,134,0,0,0,335,189,0,313,134,492,257,1,1,2759,0,56,98,0.10468227424749164,0.1645484949832776,0.10468227424749164,0.21672240802675585,1.0,1.3170731707317074,648.0,0.08933333333333333,0.17133333333333334,0.08933333333333333,0.21533333333333332,1.0,1.2568093385214008,323.0,0.0,0.0,0.0,0.0,,,0.0
55874442,7,294,138,0,0,0,331,185,0,294,138,468,255,1,1,2691,0,56,107,0.09832775919732442,0.1565217391304348,0.09832775919732442,0.20903010033444816,1.0,1.3354700854700854,625.0,0.092,0.17,0.092,0.21533333333333332,1.0,1.2666666666666666,323.0,0.0,0.0,0.0,0.0,,,0.0
55874443,4,307,130,0,0,0,320,206,0,307,130,474,263,1,1,2858,0,56,124,0.10267558528428093,0.15852842809364548,0.10267558528428093,0.2096989966555184,1.0,1.3227848101265822,627.0,0.08666666666666667,0.17533333333333334,0.08666666666666667,0.224,1.0,1.2775665399239544,336.0,0.0,0.0,0.0,0.0,,,0.0
55874444,5,296,126,0,0,0,322,189,0,296,126,475,244,1,1,2700,0,56,126,0.09899665551839465,0.1588628762541806,0.09899665551839465,0.20668896321070235,1.0,1.3010526315789475,618.0,0.084,0.16266666666666665,0.084,0.21,1.0,1.290983606557377,315.0,0.0,0.0,0.0,0.0,,,0.0
55874445,2,283,124,0,0,0,320,173,0,283,124,450,232,1,1,3025,0,56,68,0.09464882943143813,0.1505016722408027,0.09464882943143813,0.2016722408026756,1.0,1.34,603.0,0.08266666666666667,0.15466666666666667,0.08266666666666667,0.198,1.0,1.2801724137931034,297.0,0.0,0.0,0.0,0.0,,,0.0
55874446,6,298,122,0,0,0,308,175,0,298,122,459,229,1,1,2555,0,56,122,0.09966555183946488,0.15351170568561873,0.09966555183946488,0.20267558528428092,1.0,1.3202614379084967,606.0,0.08133333333333333,0.15266666666666667,0.08133333333333333,0.198,1.0,1.296943231441048,297.0,0.0,0.0,0.0,0.0,,,0.0
55874447,8,323,135,0,0,0,317,194,0,323,135,477,262,1,1,2909,0,56,133,0.10802675585284281,0.15953177257525084,0.10802675585284281,0.2140468227424749,1.0,1.3417190775681342,640.0,0.09,0.17466666666666666,0.09,0.21933333333333332,1.0,1.2557251908396947,329.0,0.0,0.0,0.0,0.0,,,0.0
55874448,5,307,132,0,0,0,343,190,0,307,132,484,255,1,1,2703,0,56,108,0.10267558528428093,0.16187290969899665,0.10267558528428093,0.21739130434782608,1.0,1.3429752066115703,650.0,0.088,0.17,0.088,0.21466666666666667,1.0,1.2627450980392156,322.0,0.0,0.0,0.0,0.0,,,0.0
55874449,9,318,140,0,0,0,336,191,0,318,140,486,265,1,1,3099,0,56,138,0.10635451505016723,0.1625418060200669,0.10635451505016723,0.21872909698996656,1.0,1.345679012345679,654.0,0.09333333333333334,0.17666666666666667,0.09333333333333334,0.22066666666666668,1.0,1.2490566037735849,331.0,0.0,0.0,0.0,0.0,,,0.0
55874450,7,330,127,0,0,0,332,187,0,330,127,489,246,1,1,2607,0,56,95,0.11036789297658862,0.16354515050167223,0.11036789297658862,0.2214046822742475,1.0,1.3537832310838447,662.0,0.08466666666666667,0.164,0.08466666666666667,0.20933333333333334,1.0,1.2764227642276422,314.0,0.0,0.0,0.0,0.0,,,0.0
55874451,4,305,137,0,0,0,350,193,0,305,137,495,266,1,1,2753,0,56,112,0.1020066889632107,0.16555183946488294,0.1020066889632107,0.21906354515050167,1.0,1.3232323232323233,655.0,0.09133333333333334,0.17733333333333334,0.09133333333333334,0.22,1.0,1.2406015037593985,330.0,0.0,0.0,0.0,0.0,,,0.0
55874452,6,349,158,0,0,0,324,187,0,349,158,515,270,1,1,2853,0,56,120,0.11672240802675585,0.17224080267558528,0.11672240802675585,0.22508361204013377,1.0,1.3067961165048543,673.0,0.10533333333333333,0.18,0.10533333333333333,0.23,1.0,1.2777777777777777,345.0,0.0,0.0,0.0,0.0,,,0.0
55874453,6,343,151,0,0,0,367,198,0,343,151,532,276,1,1,3004,0,56,149,0.11471571906354515,0.17792642140468226,0.11471571906354515,0.23745819397993312,1.0,1.3345864661654134,710.0,0.10066666666666667,0.184,0.10066666666666667,0.23266666666666666,1.0,1.2644927536231885,349.0,0.0,0.0,0.0,0.0,,,0.0
55874454,5,323,147,0,0,0,354,213,0,323,147,498,290,1,1,2655,0,56,147,0.10802675585284281,0.1665551839464883,0.10802675585284281,0.22642140468227426,1.0,1.359437751004016,677.0,0.098,0.19333333333333333,0.098,0.24,1.0,1.2413793103448276,360.0,0.0,0.0,0.0,0.0,,,0.0
55874455,5,334,140,0,0,0,344,197,0,334,140,496,275,1,1,2981,0,56,124,0.1117056856187291,0.16588628762541807,0.1117056856187291,0.22675585284280936,1.0,1.3669354838709677,678.0,0.09333333333333334,0.18333333333333332,0.09333333333333334,0.22466666666666665,1.0,1.2254545454545454,337.0,0.0,0.0,0.0,0.0,,,0.0
55874456,12,305,113,0,0,0,350,200,0,305,113,496,247,1,1,2455,0,56,95,0.1020066889632107,0.16588628762541807,0.1020066889632107,0.21906354515050167,1.0,1.3205645161290323,655.0,0.07533333333333334,0.16466666666666666,0.07533333333333334,0.20866666666666667,1.0,1.2672064777327936,313.0,0.0,0.0,0.0,0.0,,,0.0
55874457,9,316,134,0,0,0,325,189,0,316,134,484,260,1,1,2858,0,56,113,0.10568561872909699,0.16187290969899665,0.10568561872909699,0.21438127090301004,1.0,1.3243801652892562,641.0,0.08933333333333333,0.17333333333333334,0.08933333333333333,0.21533333333333332,1.0,1.2423076923076923,323.0,0.0,0.0,0.0,0.0,,,0.0
55874458,7,307,135,0,0,0,334,197,0,307,135,484,267,1,1,2857,0,55,123,0.10267558528428093,0.16187290969899665,0.10267558528428093,0.21438127090301004,1.0,1.3243801652892562,641.0,0.09,0.178,0.09,0.22133333333333333,1.0,1.243445692883895,332.0,0.0,0.0,0.0,0.0,,,0.0
55874459,4,310,118,0,0,0,328,184,0,310,118,482,243,1,1,2762,0,55,100,0.10367892976588629,0.16120401337792642,0.10367892976588629,0.21337792642140468,1.0,1.3236514522821576,638.0,0.07866666666666666,0.162,0.07866666666666666,0.20133333333333334,1.0,1.242798353909465,302.0,0.0,0.0,0.0,0.0,,,0.0
55874460,8,301,122,0,0,0,323,193,0,301,122,460,248,1,1,2782,0,55,120,0.10066889632107023,0.15384615384615385,0.10066889632107023,0.20869565217391303,1.0,1.3565217391304347,624.0,0.08133333333333333,0.16533333333333333,0.08133333333333333,0.21,1.0,1.2701612903225807,315.0,0.0,0.0,0.0,0.0,,,0.0
55874461,7,300,122,0,0,0,320,168,0,300,122,460,229,1,1,2679,0,55,122,0.10033444816053512,0.15384615384615385,0.10033444816053512,0.20735785953177258,1.0,1.3478260869565217,620.0,0.08133333333333333,0.15266666666666667,0.08133333333333333,0.19333333333333333,1.0,1.2663755458515285,290.0,0.0,0.0,0.0,0.0,,,0.0
55874462,3,300,116,0,0,0,313,196,0,300,116,467,247,1,1,2779,0,55,104,0.10033444816053512,0.15618729096989967,0.10033444816053512,0.20501672240802676,1.0,1.3126338329764453,613.0,0.07733333333333334,0.16466666666666666,0.07733333333333334,0.208,1.0,1.263157894736842,312.0,0.0,0.0,0.0,0.0,,,0.0
55874463,7,324,124,0,0,0,318,189,0,324,124,486,253,1,1,2820,0,55,124,0.10836120401337793,0.1625418060200669,0.10836120401337793,0.21471571906354514,1.0,1.3209876543209877,642.0,0.08266666666666667,0.16866666666666666,0.08266666666666667,0.20866666666666667,1.0,1.2371541501976284,313.0,0.0,0.0,0.0,0.0,,,0.0
55874464,5,325,137,0,0,0,354,186,0,325,137,513,263,1,1,2880,0,55,124,0.10869565217391304,0.17157190635451505,0.10869565217391304,0.22709030100334449,1.0,1.3235867446393763,679.0,0.09133333333333334,0.17533333333333334,0.09133333333333334,0.21533333333333332,1.0,1.2281368821292775,323.0,0.0,0.0,0.0,0.0,,,0.0
55874465,6,320,145,0,0,0,343,202,0,320,145,499,283,1,1,2949,0,55,125,0.10702341137123746,0.1668896321070234,0.10702341137123746,0.2217391304347826,1.0,1.3286573146292586,663.0,0.09666666666666666,0.18866666666666668,0.09666666666666666,0.23133333333333334,1.0,1.226148409893993,347.0,0.0,0.0,0.0,0.0,,,0.0
55874466,6,288,123,0,0,0,335,189,0,288,123,463,255,1,1,2624,0,55,65,0.09632107023411371,0.1548494983277592,0.09632107023411371,0.20836120401337793,1.0,1.345572354211663,623.0,0.082,0.17,0.082,0.208,1.0,1.223529411764706,312.0,0.0,0.0,0.0,0.0,,,0.0
55874467,5,326,132,0,0,0,315,178,0,326,132,477,241,1,1,2746,0,55,128,0.10903010033444815,0.15953177257525084,0.10903010033444815,0.21438127090301004,1.0,1.3438155136268344,641.0,0.088,0.16066666666666668,0.088,0.20666666666666667,1.0,1.2863070539419088,310.0,0.0,0.0,0.0,0.0,,,0.0
55874468,8,305,129,0,0,0,344,184,0,305,129,483,246,1,1,2953,0,55,98,0.1020066889632107,0.16153846153846155,0.1020066889632107,0.21705685618729098,1.0,1.3436853002070392,649.0,0.086,0.164,0.086,0.20866666666666667,1.0,1.2723577235772359,313.0,0.0,0.0,0.0,0.0,,,0.0
55874469,8,336,138,0,0,0,320,196,0,336,138,488,264,1,1,2764,0,55,138,0.11237458193979934,0.16321070234113713,0.11237458193979934,0.2193979933110368,1.0,1.3442622950819672,656.0,0.092,0.176,0.092,0.22266666666666668,1.0,1.2651515151515151,334.0,0.0,0.0,0.0,0.0,,,0.0
55874470,8,302,126,0,0,0,357,203,0,302,126,493,267,1,1,2914,0,55,103,0.10100334448160535,0.16488294314381272,0.10100334448160535,0.22040133779264215,1.0,1.3367139959432048,659.0,0.084,0.178,0.084,0.21933333333333332,1.0,1.2322097378277153,329.0,0.0,0.0,0.0,0.0,,,0.0
55874471,4,304,144,0,0,0,312,202,0,304,144,466,272,1,1,2602,0,55,135,0.10167224080267559,0.15585284280936454,0.10167224080267559,0.20602006688963212,1.0,1.3218884120171674,616.0,0.096,0.18133333333333335,0.096,0.23066666666666666,1.0,1.2720588235294117,346.0,0.0,0.0,0.0,0.0,,,0.0
55874472,6,315,141,0,0,0,328,211,0,315,141,483,278,1,1,2905,0,55,139,0.10535117056856187,0.16153846153846155,0.10535117056856187,0.21505016722408027,1.0,1.3312629399585922,643.0,0.094,0.18533333333333332,0.094,0.23466666666666666,1.0,1.2661870503597121,352.0,0.0,0.0,0.0,0.0,,,0.0
55874473,6,316,155,0,0,0,330,199,0,316,155,487,280,1,1,3333,0,55,129,0.10568561872909699,0.162876254180602,0.10568561872909699,0.21605351170568562,1.0,1.326488706365503,646.0,0.10333333333333333,0.18666666666666668,0.10333333333333333,0.236,1.0,1.2642857142857142,354.0,0.0,0.0,0.0,0.0,,,0.0
55874474,9,323,129,0,0,0,333,206,0,323,129,483,265,1,1,2350,0,55,124,0.10802675585284281,0.16153846153846155,0.10802675585284281,0.2193979933110368,1.0,1.3581780538302277,656.0,0.086,0.17666666666666667,0.086,0.22333333333333333,1.0,1.2641509433962264,335.0,0.0,0.0,0.0,0.0,,,0.0
55874475,9,298,110,0,0,0,348,206,0,298,110,487,253,1,1,2651,0,55,107,0.09966555183946488,0.162876254180602,0.09966555183946488,0.21605351170568562,1.0,1.326488706365503,646.0,0.07333333333333333,0.16866666666666666,0.07333333333333333,0.21066666666666667,1.0,1.2490118577075098,316.0,0.0,0.0,0.0,0.0,,,0.0
55874476,5,330,134,0,0,0,318,184,0,330,134,492,250,1,1,2825,0,55,134,0.11036789297658862,0.1645484949832776,0.11036789297658862,0.21672240802675585,1.0,1.3170731707317074,648.0,0.08933333333333333,0.16666666666666666,0.08933333333333333,0.212,1.0,1.272,318.0,0.0,0.0,0.0,0.0,,,0.0
55874477,6,296,130,0,0,0,355,193,0,296,130,490,261,1,1,2766,0,55,112,0.09899665551839465,0.16387959866220736,0.09899665551839465,0.2177257525083612,1.0,1.3285714285714285,651.0,0.08666666666666667,0.174,0.08666666666666667,0.21533333333333332,1.0,1.2375478927203065,323.0,0.0,0.0,0.0,0.0,,,0.0
55874478,5,323,153,0,0,0,326,208,0,323,153,494,284,1,1,2850,0,55,153,0.10802675585284281,0.16521739130434782,0.10802675585284281,0.21705685618729098,1.0,1.3137651821862348,649.0,0.102,0.18933333333333333,0.102,0.24066666666666667,1.0,1.2711267605633803,361.0,0.0,0.0,0.0,0.0,,,0.0
55874479,7,328,143,0,0,0,334,206,0,328,143,499,281,1,1,2851,0,55,128,0.1096989966555184,0.1668896321070234,0.1096989966555184,0.2214046822742475,1.0,1.3266533066132264,662.0,0.09533333333333334,0.18733333333333332,0.09533333333333334,0.23266666666666666,1.0,1.2419928825622777,349.0,0.0,0.0,0.0,0.0,,,0.0
55874480,8,322,152,0,0,0,335,197,0,322,152,491,277,1,1,2909,0,54,140,0.1076923076923077,0.1642140468227425,0.1076923076923077,0.2197324414715719,1.0,1.3380855397148677,657.0,0.10133333333333333,0.18466666666666667,0.10133333333333333,0.23266666666666666,1.0,1.259927797833935,349.0,0.0,0.0,0.0,0.0,,,0.0
55874481,6,314,128,0,0,0,344,196,0,314,128,503,252,1,1,2599,0,54,126,0.10501672240802676,0.16822742474916388,0.10501672240802676,0.22006688963210702,1.0,1.3081510934393639,658.0,0.08533333333333333,0.168,0.08533333333333333,0.216,1.0,1.2857142857142858,324.0,0.0,0.0,0.0,0.0,,,0.0
55874482,7,298,127,0,0,0,344,200,0,298,127,469,258,1,1,2739,0,54,118,0.09966555183946488,0.1568561872909699,0.09966555183946488,0.21471571906354514,1.0,1.3688699360341152,642.0,0.08466666666666667,0.172,0.08466666666666667,0.218,1.0,1.2674418604651163,327.0,0.0,0.0,0.0,0.0,,,0.0
55874483,6,318,119,0,0,0,319,191,0,318,119,471,251,1,1,2805,0,54,109,0.10635451505016723,0.15752508361204012,0.10635451505016723,0.21304347826086956,1.0,1.3524416135881103,637.0,0.07933333333333334,0.16733333333333333,0.07933333333333334,0.20666666666666667,1.0,1.2350597609561753,310.0,0.0,0.0,0.0,0.0,,,0.0
55874484,7,329,126,0,0,0,332,188,0,329,126,492,252,1,1,2908,0,54,123,0.11003344481605351,0.1645484949832776,0.11003344481605351,0.22107023411371238,1.0,1.3434959349593496,661.0,0.084,0.168,0.084,0.20933333333333334,1.0,1.246031746031746,314.0,0.0,0.0,0.0,0.0,,,0.0
55874485,9,303,144,0,0,0,347,178,0,303,144,488,256,1,1,3010,0,54,97,0.10133779264214046,0.16321070234113713,0.10133779264214046,0.21739130434782608,1.0,1.3319672131147542,650.0,0.096,0.17066666666666666,0.096,0.21466666666666667,1.0,1.2578125,322.0,0.0,0.0,0.0,0.0,,,0.0
55874486,11,304,141,0,0,0,319,185,0,304,141,464,259,1,1,2763,0,54,125,0.10167224080267559,0.1551839464882943,0.10167224080267559,0.20836120401337793,1.0,1.3426724137931034,623.0,0.094,0.17266666666666666,0.094,0.21733333333333332,1.0,1.2586872586872586,326.0,0.0,0.0,0.0,0.0,,,0.0
55874487,5,344,157,0,0,0,320,185,0,344,157,513,272,1,1,2800,0,54,109,0.11505016722408026,0.17157190635451505,0.11505016722408026,0.22207357859531773,1.0,1.2943469785575048,664.0,0.10466666666666667,0.18133333333333335,0.10466666666666667,0.228,1.0,1.2573529411764706,342.0,0.0,0.0,0.0,0.0,,,0.0
55874488,4,325,163,0,0,0,356,193,0,325,163,511,289,1,1,2780,0,54,154,0.10869565217391304,0.17090301003344482,0.10869565217391304,0.22775919732441471,1.0,1.3326810176125246,681.0,0.10866666666666666,0.19266666666666668,0.10866666666666666,0.23733333333333334,1.0,1.231833910034602,356.0,0.0,0.0,0.0,0.0,,,0.0
55874489,5,316,168,0,0,0,321,207,0,316,168,494,299,1,1,2831,0,54,168,0.10568561872909699,0.16521739130434782,0.10568561872909699,0.21304347826086956,1.0,1.2894736842105263,637.0,0.112,0.19933333333333333,0.112,0.25,1.0,1.254180602006689,375.0,0.0,0.0,0.0,0.0,,,0.0
55874490,5,303,115,0,0,0,329,219,0,303,115,485,267,1,1,2685,0,54,102,0.10133779264214046,0.16220735785953178,0.10133779264214046,0.21137123745819397,1.0,1.3030927835051547,632.0,0.07666666666666666,0.178,0.07666666666666666,0.22266666666666668,1.0,1.250936329588015,334.0,0.0,0.0,0.0,0.0,,,0.0
55874491,5,319,133,0,0,0,323,180,0,319,133,489,242,1,1,2791,0,54,133,0.10668896321070234,0.16354515050167223,0.10668896321070234,0.21471571906354514,1.0,1.312883435582822,642.0,0.08866666666666667,0.16133333333333333,0.08866666666666667,0.20866666666666667,1.0,1.2933884297520661,313.0,0.0,0.0,0.0,0.0,,,0.0
55874492,10,302,132,0,0,0,347,190,0,302,132,494,255,1,1,2825,0,54,127,0.10100334448160535,0.16521739130434782,0.10100334448160535,0.21705685618729098,1.0,1.3137651821862348,649.0,0.088,0.17,0.088,0.21466666666666667,1.0,1.2627450980392156,322.0,0.0,0.0,0.0,0.0,,,0.0
55874493,6,317,154,0,0,0,324,196,0,317,154,490,279,1,1,2939,0,55,143,0.1060200668896321,0.16387959866220736,0.1060200668896321,0.21438127090301004,1.0,1.3081632653061224,641.0,0.10266666666666667,0.186,0.10266666666666667,0.23333333333333334,1.0,1.2544802867383513,350.0,0.0,0.0,0.0,0.0,,,0.0
55874494,8,305,156,0,0,0,341,205,0,305,156,488,288,1,1,2812,0,55,152,0.1020066889632107,0.16321070234113713,0.1020066889632107,0.21605351170568562,1.0,1.3237704918032787,646.0,0.104,0.192,0.104,0.24066666666666667,1.0,1.2534722222222223,361.0,0.0,0.0,0.0,0.0,,,0.0
55874495,7,316,153,0,0,0,324,204,0,316,153,478,284,1,1,3140,0,55,146,0.10568561872909699,0.15986622073578596,0.10568561872909699,0.2140468227424749,1.0,1.3389121338912133,640.0,0.102,0.18933333333333333,0.102,0.238,1.0,1.2570422535211268,357.0,0.0,0.0,0.0,0.0,,,0.0
55874496,7,312,151,0,0,0,325,190,0,312,151,471,269,1,1,2509,0,55,151,0.10434782608695652,0.15752508361204012,0.10434782608695652,0.21304347826086956,1.0,1.3524416135881103,637.0,0.10066666666666667,0.17933333333333334,0.10066666666666667,0.22733333333333333,1.0,1.2676579925650557,341.0,0.0,0.0,0.0,0.0,,,0.0
55874497,6,296,147,0,0,0,338,194,0,296,147,474,272,1,1,2710,0,55,121,0.09899665551839465,0.15852842809364548,0.09899665551839465,0.2120401337792642,1.0,1.3375527426160339,634.0,0.098,0.18133333333333335,0.098,0.22733333333333333,1.0,1.2536764705882353,341.0,0.0,0.0,0.0,0.0,,,0.0
55874498,4,308,155,0,0,0,316,201,0,308,155,481,279,1,1,2951,0,55,148,0.10301003344481606,0.1608695652173913,0.10301003344481606,0.20869565217391303,1.0,1.2972972972972974,624.0,0.10333333333333333,0.186,0.10333333333333333,0.23733333333333334,1.0,1.2759856630824373,356.0,0.0,0.0,0.0,0.0,,,0.0
55874499,11,292,141,0,0,0,331,199,0,292,141,466,261,1,1,2749,0,55,122,0.09765886287625418,0.15585284280936454,0.09765886287625418,0.20836120401337793,1.0,1.3369098712446352,623.0,0.094,0.174,0.094,0.22666666666666666,1.0,1.3026819923371646,340.0,0.0,0.0,0.0,0.0,,,0.0
55874500,8,342,134,0,0,0,316,206,0,342,134,482,264,1,1,3175,0,55,102,0.11438127090301003,0.16120401337792642,0.11438127090301003,0.22006688963210702,1.0,1.3651452282157677,658.0,0.08933333333333333,0.176,0.08933333333333333,0.22666666666666666,1.0,1.2878787878787878,340.0,0.0,0.0,0.0,0.0,,,0.0
55874501,8,310,163,0,0,0,353,175,0,310,163,502,263,1,1,2610,0,55,162,0.10367892976588629,0.16789297658862876,0.10367892976588629,0.2217391304347826,1.0,1.3207171314741035,663.0,0.10866666666666666,0.17533333333333334,0.10866666666666666,0.22533333333333333,1.0,1.285171102661597,338.0,0.0,0.0,0.0,0.0,,,0.0
55874502,5,322,131,0,0,0,329,198,0,322,131,492,259,1,1,2702,0,55,131,0.1076923076923077,0.1645484949832776,0.1076923076923077,0.2177257525083612,1.0,1.3231707317073171,651.0,0.08733333333333333,0.17266666666666666,0.08733333333333333,0.21933333333333332,1.0,1.2702702702702702,329.0,0.0,0.0,0.0,0.0,,,0.0
55874503,6,316,133,0,0,0,339,194,0,316,133,504,262,1,1,2714,0,55,133,0.10568561872909699,0.16856187290969898,0.10568561872909699,0.21906354515050167,1.0,1.2996031746031746,655.0,0.08866666666666667,0.17466666666666666,0.08866666666666667,0.218,1.0,1.248091603053435,327.0,0.0,0.0,0.0,0.0,,,0.0
55874504,6,332,157,0,0,0,340,190,0,332,157,506,281,1,1,3024,0,55,155,0.11103678929765887,0.16923076923076924,0.11103678929765887,0.22474916387959867,1.0,1.3280632411067195,672.0,0.10466666666666667,0.18733333333333332,0.10466666666666667,0.23133333333333334,1.0,1.2348754448398576,347.0,0.0,0.0,0.0,0.0,,,0.0
55874505,5,322,141,0,0,0,338,198,0,322,141,492,273,1,1,2974,0,55,136,0.1076923076923077,0.1645484949832776,0.1076923076923077,0.22073578595317725,1.0,1.3414634146341464,660.0,0.094,0.182,0.094,0.226,1.0,1.2417582417582418,339.0,0.0,0.0,0.0,0.0,,,0.0
55874506,8,303,146,0,0,0,340,184,0,303,146,490,263,1,1,2649,0,55,142,0.10133779264214046,0.16387959866220736,0.10133779264214046,0.21505016722408027,1.0,1.3122448979591836,643.0,0.09733333333333333,0.17533333333333334,0.09733333333333333,0.22,1.0,1.2547528517110267,330.0,0.0,0.0,0.0,0.0,,,0.0
55874507,7,296,132,0,0,0,329,195,0,296,132,479,258,1,1,2682,0,55,95,0.09899665551839465,0.16020066889632106,0.09899665551839465,0.20903010033444816,1.0,1.3048016701461378,625.0,0.088,0.172,0.088,0.218,1.0,1.2674418604651163,327.0,0.0,0.0,0.0,0.0,,,0.0
55874508,8,316,124,0,0,0,320,193,0,316,124,471,255,1,1,2860,0,55,124,0.10568561872909699,0.15752508361204012,0.10568561872909699,0.21270903010033446,1.0,1.3503184713375795,636.0,0.08266666666666667,0.17,0.08266666666666667,0.21133333333333335,1.0,1.2431372549019608,317.0,0.0,0.0,0.0,0.0,,,0.0
55874509,5,311,145,0,0,0,339,189,0,311,145,494,260,1,1,2806,0,55,144,0.1040133779264214,0.16521739130434782,0.1040133779264214,0.21739130434782608,1.0,1.3157894736842106,650.0,0.09666666666666666,0.17333333333333334,0.09666666666666666,0.22266666666666668,1.0,1.2846153846153847,334.0,0.0,0.0,0.0,0.0,,,0.0
55874510,5,318,161,0,0,0,334,185,0,318,161,484,280,1,1,3306,0,55,161,0.10635451505016723,0.16187290969899665,0.10635451505016723,0.2180602006688963,1.0,1.3471074380165289,652.0,0.10733333333333334,0.18666666666666668,0.10733333333333334,0.23066666666666666,1.0,1.2357142857142858,346.0,0.0,0.0,0.0,0.0,,,0.0
55874511,4,320,141,0,0,0,337,206,0,320,141,500,274,1,1,2590,0,55,137,0.10702341137123746,0.16722408026755853,0.10702341137123746,0.2197324414715719,1.0,1.314,657.0,0.094,0.18266666666666667,0.094,0.23133333333333334,1.0,1.2664233576642336,347.0,0.0,0.0,0.0,0.0,,,0.0
55874512,4,318,143,0,0,0,336,184,0,318,143,498,261,1,1,2568,0,55,143,0.10635451505016723,0.1665551839464883,0.10635451505016723,0.21872909698996656,1.0,1.3132530120481927,654.0,0.09533333333333334,0.174,0.09533333333333334,0.218,1.0,1.2528735632183907,327.0,0.0,0.0,0.0,0.0,,,0.0
55874513,4,310,172,0,0,0,343,194,0,310,172,491,290,1,1,3071,0,55,167,0.10367892976588629,0.1642140468227425,0.10367892976588629,0.21839464882943144,1.0,1.329938900203666,653.0,0.11466666666666667,0.19333333333333333,0.11466666666666667,0.244,1.0,1.2620689655172415,366.0,0.0,0.0,0.0,0.0,,,0.0
55874514,7,308,124,0,0,0,323,220,0,308,124,472,274,1,1,2549,0,55,114,0.10301003344481606,0.15785953177257525,0.10301003344481606,0.21103678929765887,1.0,1.3368644067796611,631.0,0.08266666666666667,0.18266666666666667,0.08266666666666667,0.22933333333333333,1.0,1.2554744525547445,344.0,0.0,0.0,0.0,0.0,,,0.0
55874515,4,311,160,0,0,0,325,190,0,311,160,466,281,1,1,2825,0,55,159,0.1040133779264214,0.15585284280936454,0.1040133779264214,0.21270903010033446,1.0,1.3648068669527897,636.0,0.10666666666666667,0.18733333333333332,0.10666666666666667,0.23333333333333334,1.0,1.2455516014234875,350.0,0.0,0.0,0.0,0.0,,,0.0
55874516,4,311,133,0,0,0,320,212,0,311,133,473,275,1,1,2677,0,55,129,0.1040133779264214,0.15819397993311038,0.1040133779264214,0.21103678929765887,1.0,1.3340380549682875,631.0,0.08866666666666667,0.18333333333333332,0.08866666666666667,0.23,1.0,1.2545454545454546,345.0,0.0,0.0,0.0,0.0,,,0.0
55874517,6,322,153,0,0,0,335,210,0,322,153,487,291,1,1,2947,0,55,153,0.1076923076923077,0.162876254180602,0.1076923076923077,0.2197324414715719,1.0,1.3490759753593429,657.0,0.102,0.194,0.102,0.242,1.0,1.2474226804123711,363.0,0.0,0.0,0.0,0.0,,,0.0
55874518,7,304,148,0,0,0,335,203,0,304,148,479,278,1,1,2855,0,55,147,0.10167224080267559,0.16020066889632106,0.10167224080267559,0.2137123745819398,1.0,1.3340292275574113,639.0,0.09866666666666667,0.18533333333333332,0.09866666666666667,0.234,1.0,1.2625899280575539,351.0,0.0,0.0,0.0,0.0,,,0.0
55874519,7,332,144,0,0,0,310,198,0,332,144,494,278,1,1,2859,0,55,134,0.11103678929765887,0.16521739130434782,0.11103678929765887,0.21471571906354514,1.0,1.2995951417004048,642.0,0.096,0.18533333333333332,0.096,0.228,1.0,1.2302158273381294,342.0,0.0,0.0,0.0,0.0,,,0.0
55874520,9,340,169,0,0,0,340,201,0,340,169,525,297,1,1,2927,0,55,122,0.11371237458193979,0.17558528428093645,0.11371237458193979,0.22742474916387959,1.0,1.2952380952380953,680.0,0.11266666666666666,0.198,0.11266666666666666,0.24666666666666667,1.0,1.245791245791246,370.0,0.0,0.0,0.0,0.0,,,0.0
55874521,6,317,150,0,0,0,340,212,0,317,150,498,294,1,1,2757,0,55,150,0.1060200668896321,0.1665551839464883,0.1060200668896321,0.2197324414715719,1.0,1.319277108433735,657.0,0.1,0.196,0.1,0.24133333333333334,1.0,1.2312925170068028,362.0,0.0,0.0,0.0,0.0,,,0.0
55874522,6,349,150,0,0,0,321,201,0,349,150,502,284,1,1,3066,0,54,135,0.11672240802675585,0.16789297658862876,0.11672240802675585,0.22408026755852842,1.0,1.3346613545816732,670.0,0.1,0.18933333333333333,0.1,0.234,1.0,1.2359154929577465,351.0,0.0,0.0,0.0,0.0,,,0.0
55874523,4,338,138,0,0,0,358,201,0,338,138,528,274,1,1,2629,0,54,138,0.11304347826086956,0.1765886287625418,0.11304347826086956,0.23277591973244147,1.0,1.3181818181818181,696.0,0.092,0.18266666666666667,0.092,0.226,1.0,1.2372262773722629,339.0,0.0,0.0,0.0,0.0,,,0.0
55874524,7,324,155,0,0,0,349,175,0,324,155,511,263,1,1,2772,0,54,155,0.10836120401337793,0.17090301003344482,0.10836120401337793,0.22508361204013377,1.0,1.3170254403131116,673.0,0.10333333333333333,0.17533333333333334,0.10333333333333333,0.22,1.0,1.2547528517110267,330.0,0.0,0.0,0.0,0.0,,,0.0
55874525,6,332,162,0,0,0,336,200,0,332,162,505,289,1,1,2862,0,54,162,0.11103678929765887,0.1688963210702341,0.11103678929765887,0.2234113712374582,1.0,1.3227722772277228,668.0,0.108,0.19266666666666668,0.108,0.24133333333333334,1.0,1.2525951557093427,362.0,0.0,0.0,0.0,0.0,,,0.0
55874526,7,317,168,0,0,0,341,209,0,317,168,496,295,1,1,2850,0,54,162,0.1060200668896321,0.16588628762541807,0.1060200668896321,0.22006688963210702,1.0,1.3266129032258065,658.0,0.112,0.19666666666666666,0.112,0.25133333333333335,1.0,1.2779661016949153,377.0,0.0,0.0,0.0,0.0,,,0.0
55874527,3,333,135,0,0,0,331,208,0,333,135,505,275,1,1,2729,0,54,116,0.11137123745819398,0.1688963210702341,0.11137123745819398,0.22207357859531773,1.0,1.314851485148515,664.0,0.09,0.18333333333333332,0.09,0.22866666666666666,1.0,1.2472727272727273,343.0,0.0,0.0,0.0,0.0,,,0.0
55874528,6,330,157,0,0,0,336,184,0,330,157,505,270,1,1,3063,0,54,157,0.11036789297658862,0.1688963210702341,0.11036789297658862,0.22274247491638796,1.0,1.3188118811881189,666.0,0.10466666666666667,0.18,0.10466666666666667,0.22733333333333333,1.0,1.262962962962963,341.0,0.0,0.0,0.0,0.0,,,0.0
55874529,6,313,141,0,0,0,337,194,0,313,141,478,270,1,1,2743,0,54,128,0.10468227424749164,0.15986622073578596,0.10468227424749164,0.21739130434782608,1.0,1.3598326359832635,650.0,0.094,0.18,0.094,0.22333333333333333,1.0,1.2407407407407407,335.0,0.0,0.0,0.0,0.0,,,0.0
55874530,12,325,152,0,0,0,328,176,0,325,152,506,264,1,1,3041,0,54,152,0.10869565217391304,0.16923076923076924,0.10869565217391304,0.21839464882943144,1.0,1.290513833992095,653.0,0.10133333333333333,0.176,0.10133333333333333,0.21866666666666668,1.0,1.2424242424242424,328.0,0.0,0.0,0.0,0.0,,,0.0
55874531,8,328,157,0,0,0,332,190,0,328,157,503,275,1,1,2579,0,54,142,0.1096989966555184,0.16822742474916388,0.1096989966555184,0.22073578595317725,1.0,1.312127236580517,660.0,0.10466666666666667,0.18333333333333332,0.10466666666666667,0.23133333333333334,1.0,1.2618181818181817,347.0,0.0,0.0,0.0,0.0,,,0.0
55874532,4,322,141,0,0,0,337,191,0,322,141,504,258,1,1,2746,0,54,118,0.1076923076923077,0.16856187290969898,0.1076923076923077,0.22040133779264215,1.0,1.3075396825396826,659.0,0.094,0.172,0.094,0.22133333333333333,1.0,1.2868217054263567,332.0,0.0,0.0,0.0,0.0,,,0.0
55874533,5,341,131,0,0,0,346,191,0,341,131,513,257,1,1,2887,0,54,87,0.11404682274247492,0.17157190635451505,0.11404682274247492,0.22976588628762543,1.0,1.3391812865497077,687.0,0.08733333333333333,0.17133333333333334,0.08733333333333333,0.21466666666666667,1.0,1.2529182879377432,322.0,0.0,0.0,0.0,0.0,,,0.0
55874534,5,353,167,0,0,0,357,195,0,353,167,543,281,1,1,3107,0,54,140,0.11806020066889632,0.18160535117056856,0.11806020066889632,0.23745819397993312,1.0,1.3075506445672191,710.0,0.11133333333333334,0.18733333333333332,0.11133333333333334,0.24133333333333334,1.0,1.2882562277580072,362.0,0.0,0.0,0.0,0.0,,,0.0
55874535,5,314,176,0,0,0,360,205,0,314,176,512,305,1,1,2704,0,54,148,0.10501672240802676,0.17123745819397992,0.10501672240802676,0.2254180602006689,1.0,1.31640625,674.0,0.11733333333333333,0.20333333333333334,0.11733333333333333,0.254,1.0,1.2491803278688525,381.0,0.0,0.0,0.0,0.0,,,0.0
55874536,5,324,156,0,0,0,325,215,0,324,156,485,289,1,1,2711,0,54,143,0.10836120401337793,0.16220735785953178,0.10836120401337793,0.21705685618729098,1.0,1.3381443298969071,649.0,0.104,0.19266666666666668,0.104,0.24733333333333332,1.0,1.2837370242214532,371.0,0.0,0.0,0.0,0.0,,,0.0
55874537,5,343,135,0,0,0,345,217,0,343,135,517,278,1,1,2972,0,54,135,0.11471571906354515,0.1729096989966555,0.11471571906354515,0.23010033444816053,1.0,1.3307543520309477,688.0,0.09,0.18533333333333332,0.09,0.23466666666666666,1.0,1.2661870503597121,352.0,0.0,0.0,0.0,0.0,,,0.0
55874538,5,323,151,0,0,0,352,172,0,323,151,518,262,1,1,2725,0,54,147,0.10802675585284281,0.17324414715719064,0.10802675585284281,0.225752508361204,1.0,1.303088803088803,675.0,0.10066666666666667,0.17466666666666666,0.10066666666666667,0.21533333333333332,1.0,1.2328244274809161,323.0,0.0,0.0,0.0,0.0,,,0.0
55874539,4,301,152,0,0,0,333,198,0,301,152,483,278,1,1,2725,0,54,152,0.10066889632107023,0.16153846153846155,0.10066889632107023,0.2120401337792642,1.0,1.3126293995859213,634.0,0.10133333333333333,0.18533333333333332,0.10133333333333333,0.23333333333333334,1.0,1.2589928057553956,350.0,0.0,0.0,0.0,0.0,,,0.0
55874540,7,306,127,0,0,0,315,200,0,306,127,475,261,1,1,2905,0,54,109,0.10234113712374582,0.1588628762541806,0.10234113712374582,0.2076923076923077,1.0,1.3073684210526315,621.0,0.08466666666666667,0.174,0.08466666666666667,0.218,1.0,1.2528735632183907,327.0,0.0,0.0,0.0,0.0,,,0.0
55874541,8,307,129,0,0,0,323,187,0,307,129,487,245,1,1,2729,0,54,129,0.10267558528428093,0.162876254180602,0.10267558528428093,0.21070234113712374,1.0,1.2936344969199178,630.0,0.086,0.16333333333333333,0.086,0.21066666666666667,1.0,1.2897959183673469,316.0,0.0,0.0,0.0,0.0,,,0.0
55874542,9,324,142,0,0,0,323,167,0,324,142,486,238,1,1,2852,0,54,112,0.10836120401337793,0.1625418060200669,0.10836120401337793,0.21638795986622072,1.0,1.331275720164609,647.0,0.09466666666666666,0.15866666666666668,0.09466666666666666,0.206,1.0,1.2983193277310925,309.0,0.0,0.0,0.0,0.0,,,0.0
55874543,4,311,141,0,0,0,342,189,0,311,141,492,262,1,1,2832,0,54,136,0.1040133779264214,0.1645484949832776,0.1040133779264214,0.21839464882943144,1.0,1.3272357723577235,653.0,0.094,0.17466666666666666,0.094,0.22,1.0,1.2595419847328244,330.0,0.0,0.0,0.0,0.0,,,0.0
55874544,6,305,156,0,0,0,327,194,0,305,156,477,283,1,1,3039,0,54,138,0.1020066889632107,0.15953177257525084,0.1020066889632107,0.21137123745819397,1.0,1.3249475890985325,632.0,0.104,0.18866666666666668,0.104,0.23333333333333334,1.0,1.2367491166077738,350.0,0.0,0.0,0.0,0.0,,,0.0
55874545,7,325,138,0,0,0,294,198,0,325,138,462,271,1,1,2884,0,54,132,0.10869565217391304,0.15451505016722408,0.10869565217391304,0.20702341137123745,1.0,1.3398268398268398,619.0,0.092,0.18066666666666667,0.092,0.224,1.0,1.2398523985239853,336.0,0.0,0.0,0.0,0.0,,,0.0
55874546,10,321,156,0,0,0,337,183,0,321,156,495,269,1,1,2625,0,54,156,0.10735785953177257,0.16555183946488294,0.10735785953177257,0.22006688963210702,1.0,1.3292929292929292,658.0,0.104,0.17933333333333334,0.104,0.226,1.0,1.2602230483271375,339.0,0.0,0.0,0.0,0.0,,,0.0
55874547,5,313,142,0,0,0,335,208,0,313,142,476,285,1,1,2989,0,54,134,0.10468227424749164,0.1591973244147157,0.10468227424749164,0.21672240802675585,1.0,1.361344537815126,648.0,0.09466666666666666,0.19,0.09466666666666666,0.23333333333333334,1.0,1.2280701754385965,350.0,0.0,0.0,0.0,0.0,,,0.0
55874548,6,304,145,0,0,0,331,206,0,304,145,486,275,1,1,3073,0,54,128,0.10167224080267559,0.1625418060200669,0.10167224080267559,0.21237458193979933,1.0,1.3065843621399178,635.0,0.09666666666666666,0.18333333333333332,0.09666666666666666,0.234,1.0,1.2763636363636364,351.0,0.0,0.0,0.0,0.0,,,0.0
55874549,4,300,135,0,0,0,317,191,0,300,135,474,257,1,1,2847,0,54,115,0.10033444816053512,0.15852842809364548,0.10033444816053512,0.20635451505016722,1.0,1.3016877637130801,617.0,0.09,0.17133333333333334,0.09,0.21733333333333332,1.0,1.2684824902723735,326.0,0.0,0.0,0.0,0.0,,,0.0
55874550,7,295,130,0,0,0,310,181,0,295,130,453,249,1,1,2758,0,54,87,0.09866220735785954,0.15150501672240801,0.09866220735785954,0.20234113712374582,1.0,1.335540838852097,605.0,0.08666666666666667,0.166,0.08666666666666667,0.20733333333333334,1.0,1.248995983935743,311.0,0.0,0.0,0.0,0.0,,,0.0
55874551,2,324,144,0,0,0,307,169,0,324,144,465,244,1,1,2547,0,54,123,0.10836120401337793,0.15551839464882944,0.10836120401337793,0.21103678929765887,1.0,1.356989247311828,631.0,0.096,0.16266666666666665,0.096,0.20866666666666667,1.0,1.2827868852459017,313.0,0.0,0.0,0.0,0.0,,,0.0
55874552,4,312,160,0,0,0,334,185,0,312,160,476,275,1,1,2865,0,54,120,0.10434782608695652,0.1591973244147157,0.10434782608695652,0.21605351170568562,1.0,1.3571428571428572,646.0,0.10666666666666667,0.18333333333333332,0.10666666666666667,0.23,1.0,1.2545454545454546,345.0,0.0,0.0,0.0,0.0,,,0.0
55874553,9,301,139,0,0,0,322,187,0,301,139,464,253,1,1,2852,0,54,139,0.10066889632107023,0.1551839464882943,0.10066889632107023,0.20836120401337793,1.0,1.3426724137931034,623.0,0.09266666666666666,0.16866666666666666,0.09266666666666666,0.21733333333333332,1.0,1.2885375494071147,326.0,0.0,0.0,0.0,0.0,,,0.0
55874554,5,314,154,0,0,0,314,191,0,314,154,478,270,1,1,2757,0,54,119,0.10501672240802676,0.15986622073578596,0.10501672240802676,0.21003344481605352,1.0,1.3138075313807531,628.0,0.10266666666666667,0.18,0.10266666666666667,0.23,1.0,1.2777777777777777,345.0,0.0,0.0,0.0,0.0,,,0.0
55874555,3,306,140,0,0,0,325,185,0,306,140,475,253,1,1,2759,0,54,127,0.10234113712374582,0.1588628762541806,0.10234113712374582,0.21103678929765887,1.0,1.328421052631579,631.0,0.09333333333333334,0.16866666666666666,0.09333333333333334,0.21666666666666667,1.0,1.284584980237154,325.0,0.0,0.0,0.0,0.0,,,0.0
55874556,6,319,128,0,0,0,320,184,0,319,128,482,249,1,1,2757,0,54,121,0.10668896321070234,0.16120401337792642,0.10668896321070234,0.2137123745819398,1.0,1.3257261410788381,639.0,0.08533333333333333,0.166,0.08533333333333333,0.208,1.0,1.2530120481927711,312.0,0.0,0.0,0.0,0.0,,,0.0
55874557,4,330,160,0,0,0,332,182,0,330,160,498,261,1,1,2723,0,54,102,0.11036789297658862,0.1665551839464883,0.11036789297658862,0.2214046822742475,1.0,1.3293172690763053,662.0,0.10666666666666667,0.174,0.10666666666666667,0.228,1.0,1.3103448275862069,342.0,0.0,0.0,0.0,0.0,,,0.0
55874558,2,337,145,0,0,0,344,196,0,337,145,517,270,1,1,2947,0,54,138,0.11270903010033445,0.1729096989966555,0.11270903010033445,0.22775919732441471,1.0,1.3172147001934236,681.0,0.09666666666666666,0.18,0.09666666666666666,0.22733333333333333,1.0,1.262962962962963,341.0,0.0,0.0,0.0,0.0,,,0.0
55874559,4,307,154,0,0,0,347,177,0,307,154,492,265,1,1,2764,0,54,154,0.10267558528428093,0.1645484949832776,0.10267558528428093,0.21872909698996656,1.0,1.329268292682927,654.0,0.10266666666666667,0.17666666666666667,0.10266666666666667,0.22066666666666668,1.0,1.2490566037735849,331.0,0.0,0.0,0.0,0.0,,,0.0
55874560,5,323,142,0,0,0,325,200,0,323,142,483,277,1,1,2786,0,54,110,0.10802675585284281,0.16153846153846155,0.10802675585284281,0.21672240802675585,1.0,1.3416149068322982,648.0,0.09466666666666666,0.18466666666666667,0.09466666666666666,0.228,1.0,1.2346570397111913,342.0,0.0,0.0,0.0,0.0,,,0.0
55874561,4,356,145,0,0,0,313,177,0,356,145,511,256,1,1,2910,0,54,144,0.11906354515050167,0.17090301003344482,0.11906354515050167,0.22374581939799332,1.0,1.3091976516634052,669.0,0.09666666666666666,0.17066666666666666,0.09666666666666666,0.21466666666666667,1.0,1.2578125,322.0,0.0,0.0,0.0,0.0,,,0.0
55874562,6,311,164,0,0,0,371,181,0,311,164,515,273,1,1,2798,0,54,117,0.1040133779264214,0.17224080267558528,0.1040133779264214,0.22809364548494984,1.0,1.3242718446601942,682.0,0.10933333333333334,0.182,0.10933333333333334,0.23,1.0,1.2637362637362637,345.0,0.0,0.0,0.0,0.0,,,0.0
55874563,9,310,144,0,0,0,323,219,0,310,144,470,286,1,1,2798,0,54,143,0.10367892976588629,0.15719063545150502,0.10367892976588629,0.2117056856187291,1.0,1.3468085106382979,633.0,0.096,0.19066666666666668,0.096,0.242,1.0,1.2692307692307692,363.0,0.0,0.0,0.0,0.0,,,0.0
55874564,6,315,140,0,0,0,318,185,0,315,140,471,257,1,1,2795,0,54,132,0.10535117056856187,0.15752508361204012,0.10535117056856187,0.2117056856187291,1.0,1.3439490445859872,633.0,0.09333333333333334,0.17133333333333334,0.09333333333333334,0.21666666666666667,1.0,1.264591439688716,325.0,0.0,0.0,0.0,0.0,,,0.0
55874565,7,326,134,0,0,0,322,191,0,326,134,480,264,1,1,3037,0,54,134,0.10903010033444815,0.1605351170568562,0.10903010033444815,0.21672240802675585,1.0,1.35,648.0,0.08933333333333333,0.176,0.08933333333333333,0.21666666666666667,1.0,1.231060606060606,325.0,0.0,0.0,0.0,0.0,,,0.0
55874566,9,320,128,0,0,0,345,184,0,320,128,508,254,1,1,2496,0,54,90,0.10702341137123746,0.16989966555183947,0.10702341137123746,0.22240802675585283,1.0,1.3090551181102361,665.0,0.08533333333333333,0.16933333333333334,0.08533333333333333,0.208,1.0,1.2283464566929134,312.0,0.0,0.0,0.0,0.0,,,0.0
55874567,9,320,146,0,0,0,335,198,0,320,146,489,280,1,1,2747,0,54,146,0.10702341137123746,0.16354515050167223,0.10702341137123746,0.21906354515050167,1.0,1.3394683026584866,655.0,0.09733333333333333,0.18666666666666668,0.09733333333333333,0.22933333333333333,1.0,1.2285714285714286,344.0,0.0,0.0,0.0,0.0,,,0.0
55874568,3,330,143,0,0,0,332,202,0,330,143,497,275,1,1,2909,0,54,119,0.11036789297658862,0.16622073578595317,0.11036789297658862,0.2214046822742475,1.0,1.3319919517102616,662.0,0.09533333333333334,0.18333333333333332,0.09533333333333334,0.23,1.0,1.2545454545454546,345.0,0.0,0.0,0.0,0.0,,,0.0
55874569,2,342,157,0,0,0,341,192,0,342,157,510,278,1,1,2957,0,54,126,0.11438127090301003,0.1705685618729097,0.11438127090301003,0.22842809364548494,1.0,1.3392156862745097,683.0,0.10466666666666667,0.18533333333333332,0.10466666666666667,0.23266666666666666,1.0,1.2553956834532374,349.0,0.0,0.0,0.0,0.0,,,0.0
55874570,5,318,151,0,0,0,348,196,0,318,151,503,279,1,1,2729,0,54,122,0.10635451505016723,0.16822742474916388,0.10635451505016723,0.22274247491638796,1.0,1.3240556660039762,666.0,0.10066666666666667,0.186,0.10066666666666667,0.23133333333333334,1.0,1.2437275985663083,347.0,0.0,0.0,0.0,0.0,,,0.0
55874571,7,312,137,0,0,0,335,202,0,312,137,491,269,1,1,2708,0,54,137,0.10434782608695652,0.1642140468227425,0.10434782608695652,0.21638795986622072,1.0,1.3177189409368635,647.0,0.09133333333333334,0.17933333333333334,0.09133333333333334,0.226,1.0,1.2602230483271375,339.0,0.0,0.0,0.0,0.0,,,0.0
55874572,5,327,155,0,0,0,329,186,0,327,155,476,260,1,1,3138,0,54,145,0.10936454849498328,0.1591973244147157,0.10936454849498328,0.2193979933110368,1.0,1.3781512605042017,656.0,0.10333333333333333,0.17333333333333334,0.10333333333333333,0.22733333333333333,1.0,1.3115384615384615,341.0,0.0,0.0,0.0,0.0,,,0.0
55874573,8,313,149,0,0,0,338,186,0,313,149,483,263,1,1,2615,0,54,149,0.10468227424749164,0.16153846153846155,0.10468227424749164,0.2177257525083612,1.0,1.3478260869565217,651.0,0.09933333333333333,0.17533333333333334,0.09933333333333333,0.22333333333333333,1.0,1.273764258555133,335.0,0.0,0.0,0.0,0.0,,,0.0
55874574,8,331,139,0,0,0,321,192,0,331,139,489,255,1,1,2750,0,54,113,0.11070234113712375,0.16354515050167223,0.11070234113712375,0.2180602006688963,1.0,1.3333333333333333,652.0,0.09266666666666666,0.17,0.09266666666666666,0.22066666666666668,1.0,1.2980392156862746,331.0,0.0,0.0,0.0,0.0,,,0.0
55874575,4,360,157,0,0,0,342,188,0,360,157,524,270,1,1,2989,0,54,155,0.12040133779264214,0.17525083612040135,0.12040133779264214,0.23478260869565218,1.0,1.3396946564885497,702.0,0.10466666666666667,0.18,0.10466666666666667,0.23,1.0,1.2777777777777777,345.0,0.0,0.0,0.0,0.0,,,0.0
55874576,3,308,132,0,0,0,367,204,0,308,132,513,264,1,1,2505,0,54,119,0.10301003344481606,0.17157190635451505,0.10301003344481606,0.225752508361204,1.0,1.3157894736842106,675.0,0.088,0.176,0.088,0.224,1.0,1.2727272727272727,336.0,0.0,0.0,0.0,0.0,,,0.0
55874577,4,300,143,0,0,0,331,174,0,300,143,491,244,1,1,3005,0,54,134,0.10033444816053512,0.1642140468227425,0.10033444816053512,0.21103678929765887,1.0,1.2851323828920571,631.0,0.09533333333333334,0.16266666666666665,0.09533333333333334,0.21133333333333335,1.0,1.2991803278688525,317.0,0.0,0.0,0.0,0.0,,,0.0
55874578,9,304,148,0,0,0,310,192,0,304,148,460,269,1,1,2739,0,54,144,0.10167224080267559,0.15384615384615385,0.10167224080267559,0.20535117056856186,1.0,1.3347826086956522,614.0,0.09866666666666667,0.17933333333333334,0.09866666666666667,0.22666666666666666,1.0,1.2639405204460967,340.0,0.0,0.0,0.0,0.0,,,0.0
55874579,7,300,124,0,0,0,320,194,0,300,124,470,253,1,1,2714,0,54,114,0.10033444816053512,0.15719063545150502,0.10033444816053512,0.20735785953177258,1.0,1.3191489361702127,620.0,0.08266666666666667,0.16866666666666666,0.08266666666666667,0.212,1.0,1.256916996047431,318.0,0.0,0.0,0.0,0.0,,,0.0
55874580,9,303,137,0,0,0,322,171,0,303,137,474,237,1,1,2861,0,54,108,0.10133779264214046,0.15852842809364548,0.10133779264214046,0.20903010033444816,1.0,1.3185654008438819,625.0,0.09133333333333334,0.158,0.09133333333333334,0.20533333333333334,1.0,1.2995780590717299,308.0,0.0,0.0,0.0,0.0,,,0.0
55874581,5,314,140,0,0,0,311,179,0,314,140,465,253,1,1,2741,0,54,137,0.10501672240802676,0.15551839464882944,0.10501672240802676,0.20903010033444816,1.0,1.3440860215053763,625.0,0.09333333333333334,0.16866666666666666,0.09333333333333334,0.21266666666666667,1.0,1.2608695652173914,319.0,0.0,0.0,0.0,0.0,,,0.0
55874582,3,319,139,0,0,0,325,184,0,319,139,477,265,1,1,2866,0,54,139,0.10668896321070234,0.15953177257525084,0.10668896321070234,0.2153846153846154,1.0,1.350104821802935,644.0,0.09266666666666666,0.17666666666666667,0.09266666666666666,0.21533333333333332,1.0,1.2188679245283018,323.0,0.0,0.0,0.0,0.0,,,0.0
55874583,4,321,152,0,0,0,330,177,0,321,152,479,266,1,1,2762,0,54,122,0.10735785953177257,0.16020066889632106,0.10735785953177257,0.2177257525083612,1.0,1.3590814196242171,651.0,0.10133333333333333,0.17733333333333334,0.10133333333333333,0.21933333333333332,1.0,1.236842105263158,329.0,0.0,0.0,0.0,0.0,,,0.0
55874584,8,303,142,0,0,0,339,196,0,303,142,484,274,1,1,2679,0,54,131,0.10133779264214046,0.16187290969899665,0.10133779264214046,0.21471571906354514,1.0,1.3264462809917354,642.0,0.09466666666666666,0.18266666666666667,0.09466666666666666,0.22533333333333333,1.0,1.2335766423357664,338.0,0.0,0.0,0.0,0.0,,,0.0
55874585,7,330,139,0,0,0,333,196,0,330,139,497,269,1,1,2756,0,54,131,0.11036789297658862,0.16622073578595317,0.11036789297658862,0.2217391304347826,1.0,1.3340040241448692,663.0,0.09266666666666666,0.17933333333333334,0.09266666666666666,0.22333333333333333,1.0,1.245353159851301,335.0,0.0,0.0,0.0,0.0,,,0.0
55874586,6,313,141,0,0,0,347,183,0,313,141,489,246,1,1,2918,0,54,115,0.10468227424749164,0.16354515050167223,0.10468227424749164,0.22073578595317725,1.0,1.3496932515337423,660.0,0.094,0.164,0.094,0.216,1.0,1.3170731707317074,324.0,0.0,0.0,0.0,0.0,,,0.0
55874587,6,309,125,0,0,0,321,188,0,309,125,476,243,1,1,2705,0,54,121,0.10334448160535117,0.1591973244147157,0.10334448160535117,0.21070234113712374,1.0,1.3235294117647058,630.0,0.08333333333333333,0.162,0.08333333333333333,0.20866666666666667,1.0,1.2880658436213992,313.0,0.0,0.0,0.0,0.0,,,0.0
55874588,1,305,139,0,0,0,324,176,0,305,139,483,254,1,1,2906,0,54,129,0.1020066889632107,0.16153846153846155,0.1020066889632107,0.21036789297658862,1.0,1.3022774327122153,629.0,0.09266666666666666,0.16933333333333334,0.09266666666666666,0.21,1.0,1.2401574803149606,315.0,0.0,0.0,0.0,0.0,,,0.0
55874589,7,284,140,0,0,0,321,192,0,284,140,458,270,1,1,2605,0,54,140,0.09498327759197324,0.1531772575250836,0.09498327759197324,0.20234113712374582,1.0,1.3209606986899562,605.0,0.09333333333333334,0.18,0.09333333333333334,0.22133333333333333,1.0,1.2296296296296296,332.0,0.0,0.0,0.0,0.0,,,0.0
55874590,8,302,154,0,0,0,302,182,0,302,154,450,269,1,1,2865,0,54,154,0.10100334448160535,0.1505016722408027,0.10100334448160535,0.2020066889632107,1.0,1.3422222222222222,604.0,0.10266666666666667,0.17933333333333334,0.10266666666666667,0.224,1.0,1.2490706319702602,336.0,0.0,0.0,0.0,0.0,,,0.0
55874591,8,315,127,0,0,0,320,187,0,315,127,489,249,1,1,2811,0,54,127,0.10535117056856187,0.16354515050167223,0.10535117056856187,0.21237458193979933,1.0,1.2985685071574642,635.0,0.08466666666666667,0.166,0.08466666666666667,0.20933333333333334,1.0,1.2610441767068272,314.0,0.0,0.0,0.0,0.0,,,0.0
55874592,6,310,130,0,0,0,328,172,0,310,130,474,239,1,1,2813,0,54,118,0.10367892976588629,0.15852842809364548,0.10367892976588629,0.21337792642140468,1.0,1.3459915611814346,638.0,0.08666666666666667,0.15933333333333333,0.08666666666666667,0.20133333333333334,1.0,1.2635983263598327,302.0,0.0,0.0,0.0,0.0,,,0.0
55874593,7,300,137,0,0,0,332,177,0,300,137,471,247,1,1,2855,0,57,94,0.10033444816053512,0.15752508361204012,0.10033444816053512,0.21137123745819397,1.0,1.3418259023354564,632.0,0.09133333333333334,0.16466666666666666,0.09133333333333334,0.20933333333333334,1.0,1.271255060728745,314.0,0.0,0.0,0.0,0.0,,,0.0
55874594,5,310,133,0,0,0,321,181,0,310,133,481,246,1,1,2781,0,57,106,0.10367892976588629,0.1608695652173913,0.10367892976588629,0.21103678929765887,1.0,1.3118503118503118,631.0,0.08866666666666667,0.164,0.08866666666666667,0.20933333333333334,1.0,1.2764227642276422,314.0,0.0,0.0,0.0,0.0,,,0.0
55874595,5,330,132,0,0,0,328,167,0,330,132,490,232,1,1,2820,0,57,132,0.11036789297658862,0.16387959866220736,0.11036789297658862,0.22006688963210702,1.0,1.3428571428571427,658.0,0.088,0.15466666666666667,0.088,0.19933333333333333,1.0,1.2887931034482758,299.0,0.0,0.0,0.0,0.0,,,0.0
55874596,6,313,131,0,0,0,347,176,0,313,131,488,241,1,1,2705,0,57,131,0.10468227424749164,0.16321070234113713,0.10468227424749164,0.22073578595317725,1.0,1.3524590163934427,660.0,0.08733333333333333,0.16066666666666668,0.08733333333333333,0.20466666666666666,1.0,1.2738589211618256,307.0,0.0,0.0,0.0,0.0,,,0.0
55874597,6,308,138,0,0,0,338,194,0,308,138,489,263,1,1,2953,0,57,113,0.10301003344481606,0.16354515050167223,0.10301003344481606,0.21605351170568562,1.0,1.3210633946830266,646.0,0.092,0.17533333333333334,0.092,0.22133333333333333,1.0,1.2623574144486691,332.0,0.0,0.0,0.0,0.0,,,0.0
55874598,9,339,142,0,0,0,325,189,0,339,142,505,264,1,1,2854,0,57,142,0.11337792642140468,0.1688963210702341,0.11337792642140468,0.22207357859531773,1.0,1.314851485148515,664.0,0.09466666666666666,0.176,0.09466666666666666,0.22066666666666668,1.0,1.253787878787879,331.0,0.0,0.0,0.0,0.0,,,0.0
55874599,9,329,137,0,0,0,352,190,0,329,137,523,262,1,1,2654,0,57,137,0.11003344481605351,0.17491638795986622,0.11003344481605351,0.22775919732441471,1.0,1.3021032504780115,681.0,0.09133333333333334,0.17466666666666666,0.09133333333333334,0.218,1.0,1.248091603053435,327.0,0.0,0.0,0.0,0.0,,,0.0
55874600,6,338,137,0,0,0,343,184,0,338,137,532,261,1,1,2827,0,57,124,0.11304347826086956,0.17792642140468226,0.11304347826086956,0.22775919732441471,1.0,1.2800751879699248,681.0,0.09133333333333334,0.174,0.09133333333333334,0.214,1.0,1.2298850574712643,321.0,0.0,0.0,0.0,0.0,,,0.0
55874601,5,343,137,0,0,0,350,181,0,343,137,526,261,1,1,2840,0,57,134,0.11471571906354515,0.17591973244147158,0.11471571906354515,0.2317725752508361,1.0,1.317490494296578,693.0,0.09133333333333334,0.174,0.09133333333333334,0.212,1.0,1.2183908045977012,318.0,0.0,0.0,0.0,0.0,,,0.0
55874602,5,309,140,0,0,0,351,197,0,309,140,497,271,1,1,2707,0,57,118,0.10334448160535117,0.16622073578595317,0.10334448160535117,0.22073578595317725,1.0,1.3279678068410463,660.0,0.09333333333333334,0.18066666666666667,0.09333333333333334,0.22466666666666665,1.0,1.2435424354243543,337.0,0.0,0.0,0.0,0.0,,,0.0
55874603,5,311,147,0,0,0,321,199,0,311,147,480,274,1,1,2824,0,57,147,0.1040133779264214,0.1605351170568562,0.1040133779264214,0.21137123745819397,1.0,1.3166666666666667,632.0,0.098,0.18266666666666667,0.098,0.23066666666666666,1.0,1.2627737226277371,346.0,0.0,0.0,0.0,0.0,,,0.0
55874604,3,303,134,0,0,0,329,184,0,303,134,476,254,1,1,2579,0,57,93,0.10133779264214046,0.1591973244147157,0.10133779264214046,0.21137123745819397,1.0,1.3277310924369747,632.0,0.08933333333333333,0.16933333333333334,0.08933333333333333,0.212,1.0,1.2519685039370079,318.0,0.0,0.0,0.0,0.0,,,0.0
55874605,5,312,133,0,0,0,319,184,0,312,133,473,252,1,1,2861,0,57,126,0.10434782608695652,0.15819397993311038,0.10434782608695652,0.21103678929765887,1.0,1.3340380549682875,631.0,0.08866666666666667,0.168,0.08866666666666667,0.21133333333333335,1.0,1.257936507936508,317.0,0.0,0.0,0.0,0.0,,,0.0
55874606,6,288,145,0,0,0,331,185,0,288,145,465,263,1,1,2772,0,57,117,0.09632107023411371,0.15551839464882944,0.09632107023411371,0.20702341137123745,1.0,1.3311827956989248,619.0,0.09666666666666666,0.17533333333333334,0.09666666666666666,0.22,1.0,1.2547528517110267,330.0,0.0,0.0,0.0,0.0,,,0.0
55874607,7,303,147,0,0,0,304,200,0,303,147,452,268,1,1,2918,0,57,146,0.10133779264214046,0.15117056856187291,0.10133779264214046,0.20301003344481605,1.0,1.342920353982301,607.0,0.098,0.17866666666666667,0.098,0.23133333333333334,1.0,1.294776119402985,347.0,0.0,0.0,0.0,0.0,,,0.0
55874608,9,330,136,0,0,0,305,184,0,330,136,486,252,1,1,2940,0,57,136,0.11036789297658862,0.1625418060200669,0.11036789297658862,0.21237458193979933,1.0,1.3065843621399178,635.0,0.09066666666666667,0.168,0.09066666666666667,0.21333333333333335,1.0,1.2698412698412698,320.0,0.0,0.0,0.0,0.0,,,0.0
55874609,7,328,150,0,0,0,346,178,0,328,150,497,260,1,1,2719,0,57,147,0.1096989966555184,0.16622073578595317,0.1096989966555184,0.2254180602006689,1.0,1.3561368209255533,674.0,0.1,0.17333333333333334,0.1,0.21866666666666668,1.0,1.2615384615384615,328.0,0.0,0.0,0.0,0.0,,,0.0
55874610,5,326,140,0,0,0,337,189,0,326,140,499,261,1,1,2909,0,57,115,0.10903010033444815,0.1668896321070234,0.10903010033444815,0.2217391304347826,1.0,1.3286573146292586,663.0,0.09333333333333334,0.174,0.09333333333333334,0.21933333333333332,1.0,1.260536398467433,329.0,0.0,0.0,0.0,0.0,,,0.0
55874611,8,302,137,0,0,0,338,189,0,302,137,460,258,1,1,2743,0,57,137,0.10100334448160535,0.15384615384615385,0.10100334448160535,0.2140468227424749,1.0,1.391304347826087,640.0,0.09133333333333334,0.172,0.09133333333333334,0.21733333333333332,1.0,1.2635658914728682,326.0,0.0,0.0,0.0,0.0,,,0.0
55874612,11,309,140,0,0,0,312,182,0,309,140,459,259,1,1,2619,0,57,119,0.10334448160535117,0.15351170568561873,0.10334448160535117,0.2076923076923077,1.0,1.3529411764705883,621.0,0.09333333333333334,0.17266666666666666,0.09333333333333334,0.21466666666666667,1.0,1.2432432432432432,322.0,0.0,0.0,0.0,0.0,,,0.0
55874613,5,297,140,0,0,0,328,186,0,297,140,468,258,1,1,3018,0,57,88,0.09933110367892976,0.1565217391304348,0.09933110367892976,0.20903010033444816,1.0,1.3354700854700854,625.0,0.09333333333333334,0.172,0.09333333333333334,0.21733333333333332,1.0,1.2635658914728682,326.0,0.0,0.0,0.0,0.0,,,0.0
55874614,6,303,150,0,0,0,321,185,0,303,150,460,269,1,1,2592,0,57,139,0.10133779264214046,0.15384615384615385,0.10133779264214046,0.20869565217391303,1.0,1.3565217391304347,624.0,0.1,0.17933333333333334,0.1,0.22333333333333333,1.0,1.245353159851301,335.0,0.0,0.0,0.0,0.0,,,0.0
55874615,8,316,142,0,0,0,317,203,0,316,142,479,281,1,1,3173,0,57,142,0.10568561872909699,0.16020066889632106,0.10568561872909699,0.2117056856187291,1.0,1.3215031315240084,633.0,0.09466666666666666,0.18733333333333332,0.09466666666666666,0.23,1.0,1.2277580071174377,345.0,0.0,0.0,0.0,0.0,,,0.0
55874616,6,304,142,0,0,0,330,182,0,304,142,485,256,1,1,2538,0,57,115,0.10167224080267559,0.16220735785953178,0.10167224080267559,0.2120401337792642,1.0,1.3072164948453608,634.0,0.09466666666666666,0.17066666666666666,0.09466666666666666,0.216,1.0,1.265625,324.0,0.0,0.0,0.0,0.0,,,0.0
55874617,5,299,131,0,0,0,321,207,0,299,131,467,272,1,1,2563,0,57,121,0.1,0.15618729096989967,0.1,0.20735785953177258,1.0,1.3276231263383298,620.0,0.08733333333333333,0.18133333333333335,0.08733333333333333,0.22533333333333333,1.0,1.2426470588235294,338.0,0.0,0.0,0.0,0.0,,,0.0
55874618,3,308,136,0,0,0,306,183,0,308,136,471,255,1,1,2898,0,57,123,0.10301003344481606,0.15752508361204012,0.10301003344481606,0.20535117056856186,1.0,1.3036093418259023,614.0,0.09066666666666667,0.17,0.09066666666666667,0.21266666666666667,1.0,1.2509803921568627,319.0,0.0,0.0,0.0,0.0,,,0.0
55874619,6,280,143,0,0,0,328,180,0,280,143,469,259,1,1,2676,0,57,143,0.09364548494983277,0.1568561872909699,0.09364548494983277,0.20334448160535118,1.0,1.2963752665245203,608.0,0.09533333333333334,0.17266666666666666,0.09533333333333334,0.21533333333333332,1.0,1.247104247104247,323.0,0.0,0.0,0.0,0.0,,,0.0
55874620,6,302,135,0,0,0,304,190,0,302,135,461,257,1,1,2894,0,57,131,0.10100334448160535,0.15418060200668895,0.10100334448160535,0.20267558528428092,1.0,1.314533622559653,606.0,0.09,0.17133333333333334,0.09,0.21666666666666667,1.0,1.264591439688716,325.0,0.0,0.0,0.0,0.0,,,0.0
55874621,6,315,150,0,0,0,317,186,0,315,150,489,259,1,1,2936,0,57,150,0.10535117056856187,0.16354515050167223,0.10535117056856187,0.21137123745819397,1.0,1.2924335378323109,632.0,0.1,0.17266666666666666,0.1,0.224,1.0,1.2972972972972974,336.0,0.0,0.0,0.0,0.0,,,0.0
55874622,6,317,143,0,0,0,327,191,0,317,143,486,257,1,1,2686,0,57,141,0.1060200668896321,0.1625418060200669,0.1060200668896321,0.2153846153846154,1.0,1.3251028806584362,644.0,0.09533333333333334,0.17133333333333334,0.09533333333333334,0.22266666666666668,1.0,1.2996108949416343,334.0,0.0,0.0,0.0,0.0,,,0.0
55874623,5,333,126,0,0,0,334,187,0,333,126,497,248,1,1,2811,0,57,102,0.11137123745819398,0.16622073578595317,0.11137123745819398,0.2230769230769231,1.0,1.3420523138832998,667.0,0.084,0.16533333333333333,0.084,0.20866666666666667,1.0,1.2620967741935485,313.0,0.0,0.0,0.0,0.0,,,0.0
55874624,5,304,153,0,0,0,348,172,0,304,153,503,257,1,1,2800,0,57,143,0.10167224080267559,0.16822742474916388,0.10167224080267559,0.2180602006688963,1.0,1.2962226640159045,652.0,0.102,0.17133333333333334,0.102,0.21666666666666667,1.0,1.264591439688716,325.0,0.0,0.0,0.0,0.0,,,0.0
55874625,6,309,137,0,0,0,318,199,0,309,137,475,264,1,1,2926,0,57,86,0.10334448160535117,0.1588628762541806,0.10334448160535117,0.2096989966555184,1.0,1.32,627.0,0.09133333333333334,0.176,0.09133333333333334,0.224,1.0,1.2727272727272727,336.0,0.0,0.0,0.0,0.0,,,0.0
55874626,7,313,152,0,0,0,327,175,0,313,152,469,260,1,1,2716,0,57,119,0.10468227424749164,0.1568561872909699,0.10468227424749164,0.2140468227424749,1.0,1.3646055437100213,640.0,0.10133333333333333,0.17333333333333334,0.10133333333333333,0.218,1.0,1.2576923076923077,327.0,0.0,0.0,0.0,0.0,,,0.0
55874627,9,291,146,0,0,0,328,204,0,291,146,467,272,1,1,2686,0,57,145,0.09732441471571907,0.15618729096989967,0.09732441471571907,0.20702341137123745,1.0,1.3254817987152034,619.0,0.09733333333333333,0.18133333333333335,0.09733333333333333,0.23333333333333334,1.0,1.286764705882353,350.0,0.0,0.0,0.0,0.0,,,0.0
55874628,3,323,154,0,0,0,305,190,0,323,154,481,274,1,1,2925,0,57,107,0.10802675585284281,0.1608695652173913,0.10802675585284281,0.21003344481605352,1.0,1.3056133056133057,628.0,0.10266666666666667,0.18266666666666667,0.10266666666666667,0.22933333333333333,1.0,1.2554744525547445,344.0,0.0,0.0,0.0,0.0,,,0.0
55874629,8,317,130,0,0,0,332,193,0,317,130,482,259,1,1,2714,0,56,112,0.1060200668896321,0.16120401337792642,0.1060200668896321,0.21705685618729098,1.0,1.3464730290456433,649.0,0.08666666666666667,0.17266666666666666,0.08666666666666667,0.21533333333333332,1.0,1.247104247104247,323.0,0.0,0.0,0.0,0.0,,,0.0
55874630,7,316,151,0,0,0,334,181,0,316,151,486,266,1,1,2943,0,56,124,0.10568561872909699,0.1625418060200669,0.10568561872909699,0.21739130434782608,1.0,1.337448559670782,650.0,0.10066666666666667,0.17733333333333334,0.10066666666666667,0.22133333333333333,1.0,1.2481203007518797,332.0,0.0,0.0,0.0,0.0,,,0.0
55874631,6,315,133,0,0,0,336,190,0,315,133,492,256,1,1,2664,0,56,95,0.10535117056856187,0.1645484949832776,0.10535117056856187,0.2177257525083612,1.0,1.3231707317073171,651.0,0.08866666666666667,0.17066666666666666,0.08866666666666667,0.21533333333333332,1.0,1.26171875,323.0,0.0,0.0,0.0,0.0,,,0.0
55874632,6,322,129,0,0,0,334,190,0,322,129,497,254,1,1,2755,0,56,120,0.1076923076923077,0.16622073578595317,0.1076923076923077,0.2193979933110368,1.0,1.3199195171026157,656.0,0.086,0.16933333333333334,0.086,0.21266666666666667,1.0,1.2559055118110236,319.0,0.0,0.0,0.0,0.0,,,0.0
55874633,6,278,125,0,0,0,334,177,0,278,125,463,239,1,1,2739,0,56,123,0.09297658862876254,0.1548494983277592,0.09297658862876254,0.20468227424749164,1.0,1.3218142548596112,612.0,0.08333333333333333,0.15933333333333333,0.08333333333333333,0.20133333333333334,1.0,1.2635983263598327,302.0,0.0,0.0,0.0,0.0,,,0.0
55874634,6,317,163,0,0,0,301,196,0,317,163,476,289,1,1,2950,0,56,163,0.1060200668896321,0.1591973244147157,0.1060200668896321,0.20668896321070235,1.0,1.2983193277310925,618.0,0.10866666666666666,0.19266666666666668,0.10866666666666666,0.23933333333333334,1.0,1.2422145328719723,359.0,0.0,0.0,0.0,0.0,,,0.0
55874635,6,299,126,0,0,0,333,210,0,299,126,475,265,1,1,2821,0,56,58,0.1,0.1588628762541806,0.1,0.21137123745819397,1.0,1.3305263157894738,632.0,0.084,0.17666666666666667,0.084,0.224,1.0,1.2679245283018867,336.0,0.0,0.0,0.0,0.0,,,0.0
55874636,6,335,142,0,0,0,305,162,0,335,142,481,239,1,1,3012,0,56,142,0.11204013377926421,0.1608695652173913,0.11204013377926421,0.2140468227424749,1.0,1.3305613305613306,640.0,0.09466666666666666,0.15933333333333333,0.09466666666666666,0.20266666666666666,1.0,1.2719665271966527,304.0,0.0,0.0,0.0,0.0,,,0.0
55874637,8,302,151,0,0,0,347,186,0,302,151,494,272,1,1,2527,0,56,122,0.10100334448160535,0.16521739130434782,0.10100334448160535,0.21705685618729098,1.0,1.3137651821862348,649.0,0.10066666666666667,0.18133333333333335,0.10066666666666667,0.22466666666666665,1.0,1.2389705882352942,337.0,0.0,0.0,0.0,0.0,,,0.0
55874638,6,314,147,0,0,0,315,199,0,314,147,490,272,1,1,2808,0,56,109,0.10501672240802676,0.16387959866220736,0.10501672240802676,0.21036789297658862,1.0,1.2836734693877552,629.0,0.098,0.18133333333333335,0.098,0.23066666666666666,1.0,1.2720588235294117,346.0,0.0,0.0,0.0,0.0,,,0.0
55874639,4,317,137,0,0,0,326,181,0,317,137,483,245,1,1,2811,0,56,132,0.1060200668896321,0.16153846153846155,0.1060200668896321,0.21505016722408027,1.0,1.3312629399585922,643.0,0.09133333333333334,0.16333333333333333,0.09133333333333334,0.212,1.0,1.2979591836734694,318.0,0.0,0.0,0.0,0.0,,,0.0
55874640,5,299,130,0,0,0,325,186,0,299,130,471,243,1,1,2821,0,56,108,0.1,0.15752508361204012,0.1,0.20869565217391303,1.0,1.3248407643312101,624.0,0.08666666666666667,0.162,0.08666666666666667,0.21066666666666667,1.0,1.300411522633745,316.0,0.0,0.0,0.0,0.0,,,0.0
55874641,4,314,128,0,0,0,318,183,0,314,128,478,238,1,1,2790,0,56,114,0.10501672240802676,0.15986622073578596,0.10501672240802676,0.21137123745819397,1.0,1.3221757322175731,632.0,0.08533333333333333,0.15866666666666668,0.08533333333333333,0.20733333333333334,1.0,1.3067226890756303,311.0,0.0,0.0,0.0,0.0,,,0.0
55874642,4,303,148,0,0,0,325,187,0,303,148,464,267,1,1,2616,0,56,122,0.10133779264214046,0.1551839464882943,0.10133779264214046,0.21003344481605352,1.0,1.353448275862069,628.0,0.09866666666666667,0.178,0.09866666666666667,0.22333333333333333,1.0,1.2546816479400749,335.0,0.0,0.0,0.0,0.0,,,0.0
55874643,6,316,140,0,0,0,316,187,0,316,140,470,253,1,1,3028,0,56,138,0.10568561872909699,0.15719063545150502,0.10568561872909699,0.21137123745819397,1.0,1.3446808510638297,632.0,0.09333333333333334,0.16866666666666666,0.09333333333333334,0.218,1.0,1.2924901185770752,327.0,0.0,0.0,0.0,0.0,,,0.0
55874644,5,316,139,0,0,0,330,185,0,316,139,487,255,1,1,2852,0,56,102,0.10568561872909699,0.162876254180602,0.10568561872909699,0.21605351170568562,1.0,1.326488706365503,646.0,0.09266666666666666,0.17,0.09266666666666666,0.216,1.0,1.2705882352941176,324.0,0.0,0.0,0.0,0.0,,,0.0
55874645,7,303,135,0,0,0,333,191,0,303,135,480,260,1,1,2716,0,56,130,0.10133779264214046,0.1605351170568562,0.10133779264214046,0.21270903010033446,1.0,1.325,636.0,0.09,0.17333333333333334,0.09,0.21733333333333332,1.0,1.2538461538461538,326.0,0.0,0.0,0.0,0.0,,,0.0
55874646,7,283,136,0,0,0,312,187,0,283,136,451,254,1,1,2639,0,56,120,0.09464882943143813,0.1508361204013378,0.09464882943143813,0.19899665551839466,1.0,1.319290465631929,595.0,0.09066666666666667,0.16933333333333334,0.09066666666666667,0.21533333333333332,1.0,1.2716535433070866,323.0,0.0,0.0,0.0,0.0,,,0.0
55874647,6,333,132,0,0,0,299,189,0,333,132,478,258,1,1,2767,0,56,91,0.11137123745819398,0.15986622073578596,0.11137123745819398,0.21137123745819397,1.0,1.3221757322175731,632.0,0.088,0.172,0.088,0.214,1.0,1.244186046511628,321.0,0.0,0.0,0.0,0.0,,,0.0
55874648,4,335,150,0,0,0,352,191,0,335,150,510,267,1,1,2896,0,56,132,0.11204013377926421,0.1705685618729097,0.11204013377926421,0.22976588628762543,1.0,1.3470588235294119,687.0,0.1,0.178,0.1,0.22733333333333333,1.0,1.2771535580524345,341.0,0.0,0.0,0.0,0.0,,,0.0
55874649,6,318,147,0,0,0,352,203,0,318,147,503,275,1,1,2703,0,56,117,0.10635451505016723,0.16822742474916388,0.10635451505016723,0.22408026755852842,1.0,1.3320079522862822,670.0,0.098,0.18333333333333332,0.098,0.23333333333333334,1.0,1.2727272727272727,350.0,0.0,0.0,0.0,0.0,,,0.0
55874650,6,322,128,0,0,0,335,184,0,322,128,477,245,1,1,2966,0,56,109,0.1076923076923077,0.15953177257525084,0.1076923076923077,0.2197324414715719,1.0,1.3773584905660377,657.0,0.08533333333333333,0.16333333333333333,0.08533333333333333,0.208,1.0,1.273469387755102,312.0,0.0,0.0,0.0,0.0,,,0.0
55874651,5,297,120,0,0,0,328,181,0,297,120,472,242,1,1,2606,0,55,107,0.09933110367892976,0.15785953177257525,0.09933110367892976,0.20903010033444816,1.0,1.3241525423728813,625.0,0.08,0.16133333333333333,0.08,0.20066666666666666,1.0,1.243801652892562,301.0,0.0,0.0,0.0,0.0,,,0.0
55874652,10,301,143,0,0,0,321,169,0,301,143,470,241,1,1,2842,0,55,112,0.10066889632107023,0.15719063545150502,0.10066889632107023,0.2080267558528428,1.0,1.323404255319149,622.0,0.09533333333333334,0.16066666666666668,0.09533333333333334,0.208,1.0,1.2946058091286308,312.0,0.0,0.0,0.0,0.0,,,0.0
55874653,5,290,138,0,0,0,317,177,0,290,138,474,246,1,1,2708,0,55,138,0.09698996655518395,0.15852842809364548,0.09698996655518395,0.20301003344481605,1.0,1.280590717299578,607.0,0.092,0.164,0.092,0.21,1.0,1.2804878048780488,315.0,0.0,0.0,0.0,0.0,,,0.0
55874654,6,302,158,0,0,0,315,205,0,302,158,466,287,1,1,2785,0,55,104,0.10100334448160535,0.15585284280936454,0.10100334448160535,0.20635451505016722,1.0,1.3240343347639485,617.0,0.10533333333333333,0.19133333333333333,0.10533333333333333,0.242,1.0,1.264808362369338,363.0,0.0,0.0,0.0,0.0,,,0.0
55874655,3,306,145,0,0,0,314,192,0,306,145,475,268,1,1,3101,0,55,115,0.10234113712374582,0.1588628762541806,0.10234113712374582,0.20735785953177258,1.0,1.305263157894737,620.0,0.09666666666666666,0.17866666666666667,0.09666666666666666,0.22466666666666665,1.0,1.257462686567164,337.0,0.0,0.0,0.0,0.0,,,0.0
55874656,7,311,145,0,0,0,333,184,0,311,145,488,263,1,1,2722,0,55,141,0.1040133779264214,0.16321070234113713,0.1040133779264214,0.2153846153846154,1.0,1.319672131147541,644.0,0.09666666666666666,0.17533333333333334,0.09666666666666666,0.21933333333333332,1.0,1.2509505703422052,329.0,0.0,0.0,0.0,0.0,,,0.0
55874657,9,310,125,0,0,0,323,186,0,310,125,481,251,1,1,2514,0,55,84,0.10367892976588629,0.1608695652173913,0.10367892976588629,0.2117056856187291,1.0,1.316008316008316,633.0,0.08333333333333333,0.16733333333333333,0.08333333333333333,0.20733333333333334,1.0,1.2390438247011952,311.0,0.0,0.0,0.0,0.0,,,0.0
55874658,7,331,157,0,0,0,326,177,0,331,157,499,270,1,1,2976,0,55,149,0.11070234113712375,0.1668896321070234,0.11070234113712375,0.2197324414715719,1.0,1.3166332665330662,657.0,0.10466666666666667,0.18,0.10466666666666667,0.22266666666666668,1.0,1.237037037037037,334.0,0.0,0.0,0.0,0.0,,,0.0
55874659,6,298,130,0,0,0,343,193,0,298,130,485,255,1,1,2929,0,55,130,0.09966555183946488,0.16220735785953178,0.09966555183946488,0.21438127090301004,1.0,1.3216494845360824,641.0,0.08666666666666667,0.17,0.08666666666666667,0.21533333333333332,1.0,1.2666666666666666,323.0,0.0,0.0,0.0,0.0,,,0.0
55874660,8,314,156,0,0,0,310,185,0,314,156,466,269,1,1,2573,0,55,136,0.10501672240802676,0.15585284280936454,0.10501672240802676,0.20869565217391303,1.0,1.3390557939914163,624.0,0.104,0.17933333333333334,0.104,0.22733333333333333,1.0,1.2676579925650557,341.0,0.0,0.0,0.0,0.0,,,0.0
55874661,4,290,144,0,0,0,329,185,0,290,144,472,259,1,1,2688,0,55,116,0.09698996655518395,0.15785953177257525,0.09698996655518395,0.20702341137123745,1.0,1.3114406779661016,619.0,0.096,0.17266666666666666,0.096,0.21933333333333332,1.0,1.2702702702702702,329.0,0.0,0.0,0.0,0.0,,,0.0
55874662,7,318,145,0,0,0,305,195,0,318,145,477,274,1,1,2831,0,55,128,0.10635451505016723,0.15953177257525084,0.10635451505016723,0.20836120401337793,1.0,1.3060796645702306,623.0,0.09666666666666666,0.18266666666666667,0.09666666666666666,0.22666666666666666,1.0,1.2408759124087592,340.0,0.0,0.0,0.0,0.0,,,0.0
55874663,4,285,145,0,0,0,333,181,0,285,145,466,260,1,1,2764,0,55,117,0.09531772575250837,0.15585284280936454,0.09531772575250837,0.20668896321070235,1.0,1.3261802575107295,618.0,0.09666666666666666,0.17333333333333334,0.09666666666666666,0.21733333333333332,1.0,1.2538461538461538,326.0,0.0,0.0,0.0,0.0,,,0.0
55874664,6,311,150,0,0,0,300,187,0,311,150,468,270,1,1,2840,0,55,149,0.1040133779264214,0.1565217391304348,0.1040133779264214,0.20434782608695654,1.0,1.3055555555555556,611.0,0.1,0.18,0.1,0.22466666666666665,1.0,1.2481481481481482,337.0,0.0,0.0,0.0,0.0,,,0.0
55874665,9,291,156,0,0,0,329,189,0,291,156,470,270,1,1,2697,0,55,100,0.09732441471571907,0.15719063545150502,0.09732441471571907,0.20735785953177258,1.0,1.3191489361702127,620.0,0.104,0.18,0.104,0.23,1.0,1.2777777777777777,345.0,0.0,0.0,0.0,0.0,,,0.0
55874666,4,298,133,0,0,0,310,193,0,298,133,449,255,1,1,2726,0,55,124,0.09966555183946488,0.15016722408026756,0.09966555183946488,0.20334448160535118,1.0,1.354120267260579,608.0,0.08866666666666667,0.17,0.08866666666666667,0.21733333333333332,1.0,1.2784313725490195,326.0,0.0,0.0,0.0,0.0,,,0.0
55874667,8,314,143,0,0,0,313,185,0,314,143,469,256,1,1,2930,0,55,118,0.10501672240802676,0.1568561872909699,0.10501672240802676,0.2096989966555184,1.0,1.3368869936034116,627.0,0.09533333333333334,0.17066666666666666,0.09533333333333334,0.21866666666666668,1.0,1.28125,328.0,0.0,0.0,0.0,0.0,,,0.0
55874668,7,285,124,0,0,0,318,196,0,285,124,463,260,1,1,2609,0,55,110,0.09531772575250837,0.1548494983277592,0.09531772575250837,0.2016722408026756,1.0,1.3023758099352052,603.0,0.08266666666666667,0.17333333333333334,0.08266666666666667,0.21333333333333335,1.0,1.2307692307692308,320.0,0.0,0.0,0.0,0.0,,,0.0
55874669,6,321,154,0,0,0,307,182,0,321,154,474,266,1,1,2934,0,55,154,0.10735785953177257,0.15852842809364548,0.10735785953177257,0.21003344481605352,1.0,1.3248945147679325,628.0,0.10266666666666667,0.17733333333333334,0.10266666666666667,0.224,1.0,1.263157894736842,336.0,0.0,0.0,0.0,0.0,,,0.0
55874670,5,302,141,0,0,0,328,197,0,302,141,471,269,1,1,2631,0,55,139,0.10100334448160535,0.15752508361204012,0.10100334448160535,0.21070234113712374,1.0,1.3375796178343948,630.0,0.094,0.17933333333333334,0.094,0.22533333333333333,1.0,1.2565055762081785,338.0,0.0,0.0,0.0,0.0,,,0.0
55874671,5,286,128,0,0,0,313,194,0,286,128,447,254,1,1,2826,0,55,117,0.09565217391304348,0.14949832775919733,0.09565217391304348,0.2003344481605351,1.0,1.3400447427293065,599.0,0.08533333333333333,0.16933333333333334,0.08533333333333333,0.21466666666666667,1.0,1.2677165354330708,322.0,0.0,0.0,0.0,0.0,,,0.0
55874672,5,281,142,0,0,0,296,174,0,281,142,429,252,1,1,2795,0,55,142,0.0939799331103679,0.14347826086956522,0.0939799331103679,0.19297658862876255,1.0,1.344988344988345,577.0,0.09466666666666666,0.168,0.09466666666666666,0.21066666666666667,1.0,1.253968253968254,316.0,0.0,0.0,0.0,0.0,,,0.0
55874673,8,315,154,0,0,0,294,198,0,315,154,454,287,1,1,2899,0,54,125,0.10535117056856187,0.15183946488294314,0.10535117056856187,0.20367892976588628,1.0,1.341409691629956,609.0,0.10266666666666667,0.19133333333333333,0.10266666666666667,0.23466666666666666,1.0,1.2264808362369337,352.0,0.0,0.0,0.0,0.0,,,0.0
55874674,4,316,155,0,0,0,332,192,0,316,155,498,279,1,1,2674,0,54,132,0.10568561872909699,0.1665551839464883,0.10568561872909699,0.21672240802675585,1.0,1.3012048192771084,648.0,0.10333333333333333,0.186,0.10333333333333333,0.23133333333333334,1.0,1.2437275985663083,347.0,0.0,0.0,0.0,0.0,,,0.0
55874675,6,336,138,0,0,0,329,199,0,336,138,498,270,1,1,2845,0,54,108,0.11237458193979934,0.1665551839464883,0.11237458193979934,0.22240802675585283,1.0,1.3353413654618473,665.0,0.092,0.18,0.092,0.22466666666666665,1.0,1.2481481481481482,337.0,0.0,0.0,0.0,0.0,,,0.0
55874676,7,339,170,0,0,0,340,190,0,339,170,510,271,1,1,2979,0,54,154,0.11337792642140468,0.1705685618729097,0.11337792642140468,0.22709030100334449,1.0,1.3313725490196078,679.0,0.11333333333333333,0.18066666666666667,0.11333333333333333,0.24,1.0,1.3284132841328413,360.0,0.0,0.0,0.0,0.0,,,0.0
55874677,6,298,143,0,0,0,342,209,0,298,143,479,282,1,1,2682,0,54,128,0.09966555183946488,0.16020066889632106,0.09966555183946488,0.2140468227424749,1.0,1.336116910229645,640.0,0.09533333333333334,0.188,0.09533333333333334,0.23466666666666666,1.0,1.24822695035461,352.0,0.0,0.0,0.0,0.0,,,0.0
55874678,6,309,149,0,0,0,309,175,0,309,149,463,259,1,1,2652,0,54,149,0.10334448160535117,0.1548494983277592,0.10334448160535117,0.20668896321070235,1.0,1.3347732181425487,618.0,0.09933333333333333,0.17266666666666666,0.09933333333333333,0.216,1.0,1.250965250965251,324.0,0.0,0.0,0.0,0.0,,,0.0
55874679,5,312,147,0,0,0,318,191,0,312,147,469,269,1,1,2799,0,54,123,0.10434782608695652,0.1568561872909699,0.10434782608695652,0.21070234113712374,1.0,1.3432835820895523,630.0,0.098,0.17933333333333334,0.098,0.22533333333333333,1.0,1.2565055762081785,338.0,0.0,0.0,0.0,0.0,,,0.0
55874680,5,314,140,0,0,0,333,199,0,314,140,480,266,1,1,2852,0,54,124,0.10501672240802676,0.1605351170568562,0.10501672240802676,0.21638795986622072,1.0,1.3479166666666667,647.0,0.09333333333333334,0.17733333333333334,0.09333333333333334,0.226,1.0,1.2744360902255638,339.0,0.0,0.0,0.0,0.0,,,0.0
55874681,10,304,132,0,0,0,333,180,0,304,132,475,245,1,1,2711,0,54,129,0.10167224080267559,0.1588628762541806,0.10167224080267559,0.21304347826086956,1.0,1.3410526315789473,637.0,0.088,0.16333333333333333,0.088,0.208,1.0,1.273469387755102,312.0,0.0,0.0,0.0,0.0,,,0.0
55874682,8,311,142,0,0,0,319,183,0,311,142,472,266,1,1,2731,0,54,127,0.1040133779264214,0.15785953177257525,0.1040133779264214,0.21070234113712374,1.0,1.3347457627118644,630.0,0.09466666666666666,0.17733333333333334,0.09466666666666666,0.21666666666666667,1.0,1.2218045112781954,325.0,0.0,0.0,0.0,0.0,,,0.0
55874683,5,325,134,0,0,0,329,198,0,325,134,492,264,1,1,2806,0,54,134,0.10869565217391304,0.1645484949832776,0.10869565217391304,0.21872909698996656,1.0,1.329268292682927,654.0,0.08933333333333333,0.176,0.08933333333333333,0.22133333333333333,1.0,1.2575757575757576,332.0,0.0,0.0,0.0,0.0,,,0.0
55874684,4,266,134,0,0,0,353,194,0,266,134,464,258,1,1,2583,0,54,124,0.08896321070234113,0.1551839464882943,0.08896321070234113,0.20702341137123745,1.0,1.334051724137931,619.0,0.08933333333333333,0.172,0.08933333333333333,0.21866666666666668,1.0,1.2713178294573644,328.0,0.0,0.0,0.0,0.0,,,0.0
55874685,6,305,135,0,0,0,361,251,0,305,135,495,314,1,1,2995,0,54,135,0.1020066889632107,0.16555183946488294,0.1020066889632107,0.22274247491638796,1.0,1.3454545454545455,666.0,0.09,0.20933333333333334,0.09,0.25733333333333336,1.0,1.2292993630573248,386.0,0.0,0.0,0.0,0.0,,,0.0
55874686,3,328,119,0,0,0,383,252,0,328,119,516,298,1,1,2769,0,54,116,0.1096989966555184,0.1725752508361204,0.1096989966555184,0.23779264214046822,1.0,1.377906976744186,711.0,0.07933333333333334,0.19866666666666666,0.07933333333333334,0.24733333333333332,1.0,1.24496644295302,371.0,0.0,0.0,0.0,0.0,,,0.0
55874687,11,302,157,0,0,0,439,254,0,302,157,564,318,1,1,2732,0,54,157,0.10100334448160535,0.18862876254180602,0.10100334448160535,0.24782608695652175,1.0,1.3138297872340425,741.0,0.10466666666666667,0.212,0.10466666666666667,0.274,1.0,1.2924528301886793,411.0,0.0,0.0,0.0,0.0,,,0.0
55874688,4,302,139,0,0,0,461,245,0,302,139,585,304,1,1,2682,0,54,88,0.10100334448160535,0.1956521739130435,0.10100334448160535,0.2551839464882943,1.0,1.3042735042735043,763.0,0.09266666666666666,0.20266666666666666,0.09266666666666666,0.256,1.0,1.263157894736842,384.0,0.0,0.0,0.0,0.0,,,0.0
55874689,4,330,167,0,0,0,448,235,0,330,167,578,312,1,1,2951,0,54,157,0.11036789297658862,0.19331103678929765,0.11036789297658862,0.2602006688963211,1.0,1.3460207612456747,778.0,0.11133333333333334,0.208,0.11133333333333334,0.268,1.0,1.2884615384615385,402.0,0.0,0.0,0.0,0.0,,,0.0
55874690,9,306,125,0,0,0,477,278,0,306,125,589,327,1,1,2850,0,54,94,0.10234113712374582,0.19698996655518394,0.10234113712374582,0.2618729096989967,1.0,1.3293718166383701,783.0,0.08333333333333333,0.218,0.08333333333333333,0.26866666666666666,1.0,1.2324159021406729,403.0,0.0,0.0,0.0,0.0,,,0.0
55874691,6,343,145,0,0,0,346,229,0,343,145,508,301,1,1,2708,0,54,132,0.11471571906354515,0.16989966555183947,0.11471571906354515,0.23043478260869565,1.0,1.3562992125984252,689.0,0.09666666666666666,0.20066666666666666,0.09666666666666666,0.24933333333333332,1.0,1.2425249169435215,374.0,0.0,0.0,0.0,0.0,,,0.0
55874692,3,301,143,0,0,0,350,185,0,301,143,491,257,1,1,2764,0,54,142,0.10066889632107023,0.1642140468227425,0.10066889632107023,0.2177257525083612,1.0,1.3258655804480652,651.0,0.09533333333333334,0.17133333333333334,0.09533333333333334,0.21866666666666668,1.0,1.2762645914396886,328.0,0.0,0.0,0.0,0.0,,,0.0
55874693,7,303,137,0,0,0,315,183,0,303,137,473,255,1,1,2695,0,54,104,0.10133779264214046,0.15819397993311038,0.10133779264214046,0.20668896321070235,1.0,1.306553911205074,618.0,0.09133333333333334,0.17,0.09133333333333334,0.21333333333333335,1.0,1.2549019607843137,320.0,0.0,0.0,0.0,0.0,,,0.0
55874694,5,317,144,0,0,0,312,206,0,317,144,477,274,1,1,2716,0,54,120,0.1060200668896321,0.15953177257525084,0.1060200668896321,0.21036789297658862,1.0,1.3186582809224319,629.0,0.096,0.18266666666666667,0.096,0.23333333333333334,1.0,1.2773722627737227,350.0,0.0,0.0,0.0,0.0,,,0.0
55874695,4,325,124,0,0,0,323,177,0,325,124,498,233,1,1,3160,0,54,124,0.10869565217391304,0.1665551839464883,0.10869565217391304,0.21672240802675585,1.0,1.3012048192771084,648.0,0.08266666666666667,0.15533333333333332,0.08266666666666667,0.20066666666666666,1.0,1.2918454935622317,301.0,0.0,0.0,0.0,0.0,,,0.0
55874696,8,311,121,0,0,0,358,210,0,311,121,510,261,1,1,2589,0,54,121,0.1040133779264214,0.1705685618729097,0.1040133779264214,0.22374581939799332,1.0,1.311764705882353,669.0,0.08066666666666666,0.174,0.08066666666666666,0.22066666666666668,1.0,1.2681992337164751,331.0,0.0,0.0,0.0,0.0,,,0.0
55874697,8,313,152,0,0,0,400,231,0,313,152,549,299,1,1,2649,0,54,150,0.10468227424749164,0.18361204013377927,0.10468227424749164,0.23846153846153847,1.0,1.2987249544626593,713.0,0.10133333333333333,0.19933333333333333,0.10133333333333333,0.25533333333333336,1.0,1.2809364548494984,383.0,0.0,0.0,0.0,0.0,,,0.0
55874698,7,298,145,0,0,0,326,199,0,298,145,472,268,1,1,2641,0,54,145,0.09966555183946488,0.15785953177257525,0.09966555183946488,0.20869565217391303,1.0,1.3220338983050848,624.0,0.09666666666666666,0.17866666666666667,0.09666666666666666,0.22933333333333333,1.0,1.2835820895522387,344.0,0.0,0.0,0.0,0.0,,,0.0
55874699,5,312,162,0,0,0,457,229,0,312,162,569,312,1,1,2990,0,54,129,0.10434782608695652,0.1903010033444816,0.10434782608695652,0.257190635451505,1.0,1.351493848857645,769.0,0.108,0.208,0.108,0.26066666666666666,1.0,1.2532051282051282,391.0,0.0,0.0,0.0,0.0,,,0.0
55874700,8,293,149,0,0,0,374,229,0,293,149,502,304,1,1,2798,0,54,129,0.0979933110367893,0.16789297658862876,0.0979933110367893,0.2230769230769231,1.0,1.3286852589641434,667.0,0.09933333333333333,0.20266666666666666,0.09933333333333333,0.252,1.0,1.243421052631579,378.0,0.0,0.0,0.0,0.0,,,0.0
55874701,7,333,131,0,0,0,416,251,0,333,131,553,297,1,1,2762,0,54,130,0.11137123745819398,0.18494983277591973,0.11137123745819398,0.25050167224080266,1.0,1.3544303797468353,749.0,0.08733333333333333,0.198,0.08733333333333333,0.25466666666666665,1.0,1.2861952861952861,382.0,0.0,0.0,0.0,0.0,,,0.0
55874702,6,301,143,0,0,0,374,202,0,301,143,512,275,1,1,2765,0,54,143,0.10066889632107023,0.17123745819397992,0.10066889632107023,0.225752508361204,1.0,1.318359375,675.0,0.09533333333333334,0.18333333333333332,0.09533333333333334,0.23,1.0,1.2545454545454546,345.0,0.0,0.0,0.0,0.0,,,0.0
55874703,5,312,134,0,0,0,415,219,0,312,134,538,283,1,1,2980,0,54,114,0.10434782608695652,0.17993311036789297,0.10434782608695652,0.2431438127090301,1.0,1.3513011152416357,727.0,0.08933333333333333,0.18866666666666668,0.08933333333333333,0.23533333333333334,1.0,1.2473498233215548,353.0,0.0,0.0,0.0,0.0,,,0.0
55874704,8,317,131,0,0,0,410,245,0,317,131,534,301,1,1,2560,0,54,121,0.1060200668896321,0.17859531772575252,0.1060200668896321,0.2431438127090301,1.0,1.3614232209737829,727.0,0.08733333333333333,0.20066666666666666,0.08733333333333333,0.25066666666666665,1.0,1.2491694352159468,376.0,0.0,0.0,0.0,0.0,,,0.0
55874705,3,299,155,0,0,0,418,255,0,299,155,538,329,1,1,2933,0,54,113,0.1,0.17993311036789297,0.1,0.23979933110367893,1.0,1.3327137546468402,717.0,0.10333333333333333,0.21933333333333332,0.10333333333333333,0.2733333333333333,1.0,1.2462006079027355,410.0,0.0,0.0,0.0,0.0,,,0.0
55874706,8,292,127,0,0,0,441,202,0,292,127,550,265,1,1,2591,0,54,123,0.09765886287625418,0.18394648829431437,0.09765886287625418,0.2451505016722408,1.0,1.3327272727272728,733.0,0.08466666666666667,0.17666666666666667,0.08466666666666667,0.21933333333333332,1.0,1.241509433962264,329.0,0.0,0.0,0.0,0.0,,,0.0
55874707,4,288,134,0,0,0,399,260,0,288,134,515,320,1,1,2755,0,54,115,0.09632107023411371,0.17224080267558528,0.09632107023411371,0.22976588628762543,1.0,1.3339805825242719,687.0,0.08933333333333333,0.21333333333333335,0.08933333333333333,0.26266666666666666,1.0,1.23125,394.0,0.0,0.0,0.0,0.0,,,0.0
55874708,5,311,128,0,0,0,389,226,0,311,128,529,279,1,1,2630,0,54,83,0.1040133779264214,0.17692307692307693,0.1040133779264214,0.23411371237458195,1.0,1.3232514177693762,700.0,0.08533333333333333,0.186,0.08533333333333333,0.236,1.0,1.2688172043010753,354.0,0.0,0.0,0.0,0.0,,,0.0
55874709,5,294,153,0,0,0,368,214,0,294,153,505,284,1,1,2901,0,54,96,0.09832775919732442,0.1688963210702341,0.09832775919732442,0.2214046822742475,1.0,1.310891089108911,662.0,0.102,0.18933333333333333,0.102,0.24466666666666667,1.0,1.2922535211267605,367.0,0.0,0.0,0.0,0.0,,,0.0
55874710,6,276,141,0,0,0,407,215,0,276,141,517,279,1,1,2770,0,54,96,0.09230769230769231,0.1729096989966555,0.09230769230769231,0.22842809364548494,1.0,1.321083172147002,683.0,0.094,0.186,0.094,0.23733333333333334,1.0,1.2759856630824373,356.0,0.0,0.0,0.0,0.0,,,0.0
55874711,4,331,129,0,0,0,314,243,0,331,129,485,293,1,1,2772,0,54,118,0.11070234113712375,0.16220735785953178,0.11070234113712375,0.2157190635451505,1.0,1.3298969072164948,645.0,0.086,0.19533333333333333,0.086,0.248,1.0,1.2696245733788396,372.0,0.0,0.0,0.0,0.0,,,0.0
55874712,6,301,148,0,0,0,467,199,0,301,148,579,270,1,1,2734,0,54,117,0.10066889632107023,0.19364548494983277,0.10066889632107023,0.2568561872909699,1.0,1.3264248704663213,768.0,0.09866666666666667,0.18,0.09866666666666667,0.23133333333333334,1.0,1.2851851851851852,347.0,0.0,0.0,0.0,0.0,,,0.0
55874713,8,321,146,0,0,0,350,236,0,321,146,509,295,1,1,2814,0,54,117,0.10735785953177257,0.17023411371237457,0.10735785953177257,0.22441471571906355,1.0,1.3182711198428292,671.0,0.09733333333333333,0.19666666666666666,0.09733333333333333,0.25466666666666665,1.0,1.2949152542372881,382.0,0.0,0.0,0.0,0.0,,,0.0
55874714,9,311,143,0,0,0,414,179,0,311,143,547,257,1,1,2732,0,54,143,0.1040133779264214,0.18294314381270904,0.1040133779264214,0.24247491638795987,1.0,1.3254113345521024,725.0,0.09533333333333334,0.17133333333333334,0.09533333333333334,0.21466666666666667,1.0,1.2529182879377432,322.0,0.0,0.0,0.0,0.0,,,0.0
55874715,6,324,138,0,0,0,428,271,0,324,138,566,331,1,1,2898,0,54,95,0.10836120401337793,0.18929765886287625,0.10836120401337793,0.25150501672240805,1.0,1.3286219081272084,752.0,0.092,0.22066666666666668,0.092,0.27266666666666667,1.0,1.2356495468277946,409.0,0.0,0.0,0.0,0.0,,,0.0
55874716,5,304,135,0,0,0,530,283,0,304,135,629,331,1,1,2617,0,54,135,0.10167224080267559,0.21036789297658862,0.10167224080267559,0.27892976588628765,1.0,1.3259141494435611,834.0,0.09,0.22066666666666668,0.09,0.2786666666666667,1.0,1.2628398791540785,418.0,0.0,0.0,0.0,0.0,,,0.0
55874717,8,304,143,0,0,0,431,247,0,304,143,547,307,1,1,2828,0,54,143,0.10167224080267559,0.18294314381270904,0.10167224080267559,0.24581939799331104,1.0,1.3436928702010968,735.0,0.09533333333333334,0.20466666666666666,0.09533333333333334,0.26,1.0,1.270358306188925,390.0,0.0,0.0,0.0,0.0,,,0.0
55874718,6,290,108,0,0,0,367,255,0,290,108,496,290,1,1,2685,0,54,98,0.09698996655518395,0.16588628762541807,0.09698996655518395,0.2197324414715719,1.0,1.3245967741935485,657.0,0.072,0.19333333333333333,0.072,0.242,1.0,1.2517241379310344,363.0,0.0,0.0,0.0,0.0,,,0.0
55874719,7,300,142,0,0,0,434,169,0,300,142,551,245,1,1,2851,0,54,140,0.10033444816053512,0.1842809364548495,0.10033444816053512,0.2454849498327759,1.0,1.3321234119782215,734.0,0.09466666666666666,0.16333333333333333,0.09466666666666666,0.20733333333333334,1.0,1.2693877551020407,311.0,0.0,0.0,0.0,0.0,,,0.0
